--
-- PostgreSQL database dump
--

-- Dumped from database version 15.3 (Ubuntu 15.3-1.pgdg22.04+1)
-- Dumped by pg_dump version 15.3 (Ubuntu 15.3-1.pgdg22.04+1)

-- Started on 2023-06-15 06:15:58 +07

SET statement_timeout = 0;
SET lock_timeout = 0;
SET idle_in_transaction_session_timeout = 0;
SET client_encoding = 'UTF8';
SET standard_conforming_strings = on;
SELECT pg_catalog.set_config('search_path', '', false);
SET check_function_bodies = false;
SET xmloption = content;
SET client_min_messages = warning;
SET row_security = off;

--
-- TOC entry 259 (class 1255 OID 17000)
-- Name: update_reviews_count(); Type: FUNCTION; Schema: public; Owner: admin
--

CREATE FUNCTION public.update_reviews_count() RETURNS trigger
    LANGUAGE plpgsql
    AS $$
DECLARE
  p_id INTEGER;
BEGIN
  IF TG_OP = 'INSERT' THEN
    SELECT product_id INTO p_id FROM api_variation WHERE id = NEW.variation_id;
	UPDATE api_product
    SET reviews_count = reviews_count + 1
    WHERE id = p_id;
  ELSIF TG_OP = 'DELETE' THEN
    SELECT product_id INTO p_id FROM api_variation WHERE id = OLD.variation_id;
	UPDATE api_product
    SET reviews_count = reviews_count - 1
    WHERE id = p_id;
  END IF;
  RETURN NULL;
END;
$$;


ALTER FUNCTION public.update_reviews_count() OWNER TO admin;

--
-- TOC entry 272 (class 1255 OID 17013)
-- Name: update_reviews_stat(); Type: FUNCTION; Schema: public; Owner: admin
--

CREATE FUNCTION public.update_reviews_stat() RETURNS trigger
    LANGUAGE plpgsql
    AS $$
DECLARE
    p_id           INTEGER;
    avg_rating_var FLOAT;
BEGIN
    IF TG_OP = 'INSERT' THEN
        SELECT NEW.product_id INTO p_id;

        UPDATE api_product
        SET reviews_count = reviews_count + 1
        WHERE id = p_id;
    ELSIF TG_OP = 'DELETE' THEN
        SELECT OLD.product_id INTO p_id;

        UPDATE api_product
        SET reviews_count = reviews_count - 1
        WHERE id = p_id;
    END IF;

    SELECT AVG(rating) INTO avg_rating_var FROM api_review WHERE product_id = p_id;
    RAISE NOTICE 'Update rating for product with avg_rating = %, p_id = %', avg_rating_var, p_id;
    UPDATE api_product
    SET avg_rating = avg_rating_var
    WHERE id = p_id;

    RETURN NULL;
END;
$$;


ALTER FUNCTION public.update_reviews_stat() OWNER TO admin;

--
-- TOC entry 271 (class 1255 OID 17117)
-- Name: update_variations_count(); Type: FUNCTION; Schema: public; Owner: admin
--

CREATE FUNCTION public.update_variations_count() RETURNS trigger
    LANGUAGE plpgsql
    AS $$
DECLARE
  p_id INTEGER;
  variations_count_var INTEGER;
BEGIN
  IF TG_OP = 'INSERT' THEN
    SELECT NEW.product_id INTO p_id;
  ELSIF TG_OP = 'DELETE' THEN
    SELECT OLD.product_id INTO p_id;
  END IF;

  SELECT COUNT(*) INTO variations_count_var FROM api_variation WHERE product_id = p_id AND is_deleted = false;
  UPDATE api_product
  SET variations_count = variations_count_var
  WHERE id = p_id;
  RAISE NOTICE 'Update variations count for product with id = %', p_id;

  RETURN NULL;
END;
$$;


ALTER FUNCTION public.update_variations_count() OWNER TO admin;

SET default_tablespace = '';

SET default_table_access_method = heap;

--
-- TOC entry 246 (class 1259 OID 17026)
-- Name: api_address; Type: TABLE; Schema: public; Owner: admin
--

CREATE TABLE public.api_address (
    id bigint NOT NULL,
    created_at timestamp with time zone NOT NULL,
    updated_at timestamp with time zone NOT NULL,
    email character varying(254) NOT NULL,
    phone character varying(15) NOT NULL,
    full_name character varying(300) NOT NULL,
    province character varying(100) NOT NULL,
    province_code integer NOT NULL,
    district character varying(100) NOT NULL,
    district_code integer NOT NULL,
    ward character varying(100) NOT NULL,
    ward_code integer NOT NULL,
    street character varying(300) NOT NULL,
    created_by_id bigint NOT NULL
);


ALTER TABLE public.api_address OWNER TO admin;

--
-- TOC entry 245 (class 1259 OID 17025)
-- Name: api_address_id_seq; Type: SEQUENCE; Schema: public; Owner: admin
--

ALTER TABLE public.api_address ALTER COLUMN id ADD GENERATED BY DEFAULT AS IDENTITY (
    SEQUENCE NAME public.api_address_id_seq
    START WITH 1
    INCREMENT BY 1
    NO MINVALUE
    NO MAXVALUE
    CACHE 1
);


--
-- TOC entry 252 (class 1259 OID 17067)
-- Name: api_cartitem; Type: TABLE; Schema: public; Owner: admin
--

CREATE TABLE public.api_cartitem (
    id bigint NOT NULL,
    created_at timestamp with time zone NOT NULL,
    updated_at timestamp with time zone NOT NULL,
    qty integer NOT NULL,
    created_by_id bigint NOT NULL,
    product_id bigint NOT NULL,
    variation_id bigint NOT NULL
);


ALTER TABLE public.api_cartitem OWNER TO admin;

--
-- TOC entry 251 (class 1259 OID 17066)
-- Name: api_cartitem_id_seq; Type: SEQUENCE; Schema: public; Owner: admin
--

ALTER TABLE public.api_cartitem ALTER COLUMN id ADD GENERATED BY DEFAULT AS IDENTITY (
    SEQUENCE NAME public.api_cartitem_id_seq
    START WITH 1
    INCREMENT BY 1
    NO MINVALUE
    NO MAXVALUE
    CACHE 1
);


--
-- TOC entry 233 (class 1259 OID 16868)
-- Name: api_category; Type: TABLE; Schema: public; Owner: admin
--

CREATE TABLE public.api_category (
    id bigint NOT NULL,
    created_at timestamp with time zone NOT NULL,
    updated_at timestamp with time zone NOT NULL,
    name character varying(300) NOT NULL,
    "desc" text,
    img_url text NOT NULL,
    is_deleted boolean NOT NULL
);


ALTER TABLE public.api_category OWNER TO admin;

--
-- TOC entry 232 (class 1259 OID 16867)
-- Name: api_category_id_seq; Type: SEQUENCE; Schema: public; Owner: admin
--

ALTER TABLE public.api_category ALTER COLUMN id ADD GENERATED BY DEFAULT AS IDENTITY (
    SEQUENCE NAME public.api_category_id_seq
    START WITH 1
    INCREMENT BY 1
    NO MINVALUE
    NO MAXVALUE
    CACHE 1
);


--
-- TOC entry 254 (class 1259 OID 17091)
-- Name: api_favoriteitem; Type: TABLE; Schema: public; Owner: admin
--

CREATE TABLE public.api_favoriteitem (
    id bigint NOT NULL,
    created_at timestamp with time zone NOT NULL,
    updated_at timestamp with time zone NOT NULL,
    created_by_id bigint NOT NULL,
    product_id bigint NOT NULL
);


ALTER TABLE public.api_favoriteitem OWNER TO admin;

--
-- TOC entry 253 (class 1259 OID 17090)
-- Name: api_favoriteitem_id_seq; Type: SEQUENCE; Schema: public; Owner: admin
--

ALTER TABLE public.api_favoriteitem ALTER COLUMN id ADD GENERATED BY DEFAULT AS IDENTITY (
    SEQUENCE NAME public.api_favoriteitem_id_seq
    START WITH 1
    INCREMENT BY 1
    NO MINVALUE
    NO MAXVALUE
    CACHE 1
);


--
-- TOC entry 238 (class 1259 OID 16899)
-- Name: api_order; Type: TABLE; Schema: public; Owner: admin
--

CREATE TABLE public.api_order (
    id bigint NOT NULL,
    created_at timestamp with time zone NOT NULL,
    updated_at timestamp with time zone NOT NULL,
    phone character varying(15) NOT NULL,
    full_name character varying(300) NOT NULL,
    province character varying(100) NOT NULL,
    province_code integer NOT NULL,
    district character varying(100) NOT NULL,
    district_code integer NOT NULL,
    ward character varying(100) NOT NULL,
    ward_code integer NOT NULL,
    street character varying(300) NOT NULL,
    status character varying(20) NOT NULL,
    total numeric(20,2) NOT NULL,
    payment text NOT NULL,
    created_by_id bigint NOT NULL,
    email character varying(254) NOT NULL,
    shipping_date timestamp with time zone,
    voucher_id bigint
);


ALTER TABLE public.api_order OWNER TO admin;

--
-- TOC entry 237 (class 1259 OID 16898)
-- Name: api_order_id_seq; Type: SEQUENCE; Schema: public; Owner: admin
--

ALTER TABLE public.api_order ALTER COLUMN id ADD GENERATED BY DEFAULT AS IDENTITY (
    SEQUENCE NAME public.api_order_id_seq
    START WITH 1
    INCREMENT BY 1
    NO MINVALUE
    NO MAXVALUE
    CACHE 1
);


--
-- TOC entry 242 (class 1259 OID 16915)
-- Name: api_orderdetail; Type: TABLE; Schema: public; Owner: admin
--

CREATE TABLE public.api_orderdetail (
    id bigint NOT NULL,
    created_at timestamp with time zone NOT NULL,
    updated_at timestamp with time zone NOT NULL,
    price numeric(20,2) NOT NULL,
    qty integer NOT NULL,
    order_id bigint NOT NULL,
    variation_id bigint NOT NULL,
    product_id bigint NOT NULL
);


ALTER TABLE public.api_orderdetail OWNER TO admin;

--
-- TOC entry 241 (class 1259 OID 16914)
-- Name: api_orderdetail_id_seq; Type: SEQUENCE; Schema: public; Owner: admin
--

ALTER TABLE public.api_orderdetail ALTER COLUMN id ADD GENERATED BY DEFAULT AS IDENTITY (
    SEQUENCE NAME public.api_orderdetail_id_seq
    START WITH 1
    INCREMENT BY 1
    NO MINVALUE
    NO MAXVALUE
    CACHE 1
);


--
-- TOC entry 250 (class 1259 OID 17048)
-- Name: api_payment; Type: TABLE; Schema: public; Owner: admin
--

CREATE TABLE public.api_payment (
    id bigint NOT NULL,
    created_at timestamp with time zone NOT NULL,
    updated_at timestamp with time zone NOT NULL,
    name character varying(300) NOT NULL,
    exp date,
    provider_id bigint NOT NULL,
    created_by_id bigint NOT NULL,
    number character varying(30),
    cvc character varying(4)
);


ALTER TABLE public.api_payment OWNER TO admin;

--
-- TOC entry 249 (class 1259 OID 17047)
-- Name: api_payment_id_seq; Type: SEQUENCE; Schema: public; Owner: admin
--

ALTER TABLE public.api_payment ALTER COLUMN id ADD GENERATED BY DEFAULT AS IDENTITY (
    SEQUENCE NAME public.api_payment_id_seq
    START WITH 1
    INCREMENT BY 1
    NO MINVALUE
    NO MAXVALUE
    CACHE 1
);


--
-- TOC entry 248 (class 1259 OID 17040)
-- Name: api_paymentprovider; Type: TABLE; Schema: public; Owner: admin
--

CREATE TABLE public.api_paymentprovider (
    id bigint NOT NULL,
    created_at timestamp with time zone NOT NULL,
    updated_at timestamp with time zone NOT NULL,
    is_deleted boolean NOT NULL,
    img_url text NOT NULL,
    name text NOT NULL,
    method character varying(50) NOT NULL
);


ALTER TABLE public.api_paymentprovider OWNER TO admin;

--
-- TOC entry 247 (class 1259 OID 17039)
-- Name: api_paymentprovider_id_seq; Type: SEQUENCE; Schema: public; Owner: admin
--

ALTER TABLE public.api_paymentprovider ALTER COLUMN id ADD GENERATED BY DEFAULT AS IDENTITY (
    SEQUENCE NAME public.api_paymentprovider_id_seq
    START WITH 1
    INCREMENT BY 1
    NO MINVALUE
    NO MAXVALUE
    CACHE 1
);


--
-- TOC entry 235 (class 1259 OID 16876)
-- Name: api_product; Type: TABLE; Schema: public; Owner: admin
--

CREATE TABLE public.api_product (
    id bigint NOT NULL,
    created_at timestamp with time zone NOT NULL,
    updated_at timestamp with time zone NOT NULL,
    name character varying(300) NOT NULL,
    "desc" text,
    price numeric(20,2) NOT NULL,
    thumbnail text NOT NULL,
    category_id bigint NOT NULL,
    reviews_count integer NOT NULL,
    is_deleted boolean NOT NULL,
    avg_rating numeric(20,1),
    variations_count integer NOT NULL,
    discount integer NOT NULL,
    material text,
    depth numeric(20,2),
    height numeric(20,2),
    more_info text,
    weight numeric(20,2),
    width numeric(20,2)
);


ALTER TABLE public.api_product OWNER TO admin;

--
-- TOC entry 234 (class 1259 OID 16875)
-- Name: api_product_id_seq; Type: SEQUENCE; Schema: public; Owner: admin
--

ALTER TABLE public.api_product ALTER COLUMN id ADD GENERATED BY DEFAULT AS IDENTITY (
    SEQUENCE NAME public.api_product_id_seq
    START WITH 1
    INCREMENT BY 1
    NO MINVALUE
    NO MAXVALUE
    CACHE 1
);


--
-- TOC entry 244 (class 1259 OID 16981)
-- Name: api_review; Type: TABLE; Schema: public; Owner: admin
--

CREATE TABLE public.api_review (
    id bigint NOT NULL,
    created_at timestamp with time zone NOT NULL,
    updated_at timestamp with time zone NOT NULL,
    content text NOT NULL,
    rating integer NOT NULL,
    created_by_id bigint NOT NULL,
    variation_id bigint NOT NULL,
    product_id bigint NOT NULL,
    img_urls text[] NOT NULL
);


ALTER TABLE public.api_review OWNER TO admin;

--
-- TOC entry 243 (class 1259 OID 16980)
-- Name: api_review_id_seq; Type: SEQUENCE; Schema: public; Owner: admin
--

ALTER TABLE public.api_review ALTER COLUMN id ADD GENERATED BY DEFAULT AS IDENTITY (
    SEQUENCE NAME public.api_review_id_seq
    START WITH 1
    INCREMENT BY 1
    NO MINVALUE
    NO MAXVALUE
    CACHE 1
);


--
-- TOC entry 258 (class 1259 OID 17149)
-- Name: api_usedvoucher; Type: TABLE; Schema: public; Owner: admin
--

CREATE TABLE public.api_usedvoucher (
    id bigint NOT NULL,
    created_at timestamp with time zone NOT NULL,
    updated_at timestamp with time zone NOT NULL,
    user_id bigint NOT NULL,
    voucher_id bigint NOT NULL
);


ALTER TABLE public.api_usedvoucher OWNER TO admin;

--
-- TOC entry 257 (class 1259 OID 17148)
-- Name: api_usedvoucher_id_seq; Type: SEQUENCE; Schema: public; Owner: admin
--

ALTER TABLE public.api_usedvoucher ALTER COLUMN id ADD GENERATED BY DEFAULT AS IDENTITY (
    SEQUENCE NAME public.api_usedvoucher_id_seq
    START WITH 1
    INCREMENT BY 1
    NO MINVALUE
    NO MAXVALUE
    CACHE 1
);


--
-- TOC entry 240 (class 1259 OID 16907)
-- Name: api_variation; Type: TABLE; Schema: public; Owner: admin
--

CREATE TABLE public.api_variation (
    id bigint NOT NULL,
    created_at timestamp with time zone NOT NULL,
    updated_at timestamp with time zone NOT NULL,
    inventory integer NOT NULL,
    name character varying(300) NOT NULL,
    img_urls text[] NOT NULL,
    product_id bigint NOT NULL,
    is_deleted boolean NOT NULL
);


ALTER TABLE public.api_variation OWNER TO admin;

--
-- TOC entry 239 (class 1259 OID 16906)
-- Name: api_variation_id_seq; Type: SEQUENCE; Schema: public; Owner: admin
--

ALTER TABLE public.api_variation ALTER COLUMN id ADD GENERATED BY DEFAULT AS IDENTITY (
    SEQUENCE NAME public.api_variation_id_seq
    START WITH 1
    INCREMENT BY 1
    NO MINVALUE
    NO MAXVALUE
    CACHE 1
);


--
-- TOC entry 256 (class 1259 OID 17121)
-- Name: api_voucher; Type: TABLE; Schema: public; Owner: admin
--

CREATE TABLE public.api_voucher (
    id bigint NOT NULL,
    created_at timestamp with time zone NOT NULL,
    updated_at timestamp with time zone NOT NULL,
    is_deleted boolean NOT NULL,
    discount integer NOT NULL,
    from_date date NOT NULL,
    to_date date NOT NULL,
    code character varying(30) NOT NULL,
    inventory integer NOT NULL
);


ALTER TABLE public.api_voucher OWNER TO admin;

--
-- TOC entry 255 (class 1259 OID 17120)
-- Name: api_voucher_id_seq; Type: SEQUENCE; Schema: public; Owner: admin
--

ALTER TABLE public.api_voucher ALTER COLUMN id ADD GENERATED BY DEFAULT AS IDENTITY (
    SEQUENCE NAME public.api_voucher_id_seq
    START WITH 1
    INCREMENT BY 1
    NO MINVALUE
    NO MAXVALUE
    CACHE 1
);


--
-- TOC entry 221 (class 1259 OID 16758)
-- Name: auth_group; Type: TABLE; Schema: public; Owner: admin
--

CREATE TABLE public.auth_group (
    id integer NOT NULL,
    name character varying(150) NOT NULL
);


ALTER TABLE public.auth_group OWNER TO admin;

--
-- TOC entry 220 (class 1259 OID 16757)
-- Name: auth_group_id_seq; Type: SEQUENCE; Schema: public; Owner: admin
--

ALTER TABLE public.auth_group ALTER COLUMN id ADD GENERATED BY DEFAULT AS IDENTITY (
    SEQUENCE NAME public.auth_group_id_seq
    START WITH 1
    INCREMENT BY 1
    NO MINVALUE
    NO MAXVALUE
    CACHE 1
);


--
-- TOC entry 223 (class 1259 OID 16766)
-- Name: auth_group_permissions; Type: TABLE; Schema: public; Owner: admin
--

CREATE TABLE public.auth_group_permissions (
    id bigint NOT NULL,
    group_id integer NOT NULL,
    permission_id integer NOT NULL
);


ALTER TABLE public.auth_group_permissions OWNER TO admin;

--
-- TOC entry 222 (class 1259 OID 16765)
-- Name: auth_group_permissions_id_seq; Type: SEQUENCE; Schema: public; Owner: admin
--

ALTER TABLE public.auth_group_permissions ALTER COLUMN id ADD GENERATED BY DEFAULT AS IDENTITY (
    SEQUENCE NAME public.auth_group_permissions_id_seq
    START WITH 1
    INCREMENT BY 1
    NO MINVALUE
    NO MAXVALUE
    CACHE 1
);


--
-- TOC entry 219 (class 1259 OID 16752)
-- Name: auth_permission; Type: TABLE; Schema: public; Owner: admin
--

CREATE TABLE public.auth_permission (
    id integer NOT NULL,
    name character varying(255) NOT NULL,
    content_type_id integer NOT NULL,
    codename character varying(100) NOT NULL
);


ALTER TABLE public.auth_permission OWNER TO admin;

--
-- TOC entry 218 (class 1259 OID 16751)
-- Name: auth_permission_id_seq; Type: SEQUENCE; Schema: public; Owner: admin
--

ALTER TABLE public.auth_permission ALTER COLUMN id ADD GENERATED BY DEFAULT AS IDENTITY (
    SEQUENCE NAME public.auth_permission_id_seq
    START WITH 1
    INCREMENT BY 1
    NO MINVALUE
    NO MAXVALUE
    CACHE 1
);


--
-- TOC entry 225 (class 1259 OID 16798)
-- Name: authentication_user; Type: TABLE; Schema: public; Owner: admin
--

CREATE TABLE public.authentication_user (
    id bigint NOT NULL,
    password character varying(128) NOT NULL,
    last_login timestamp with time zone,
    is_superuser boolean NOT NULL,
    created_at timestamp with time zone NOT NULL,
    updated_at timestamp with time zone NOT NULL,
    email character varying(254) NOT NULL,
    is_staff boolean NOT NULL,
    is_active boolean NOT NULL,
    date_joined timestamp with time zone NOT NULL,
    email_verified boolean NOT NULL,
    dob date,
    full_name text,
    gender character varying(15),
    phone character varying(15),
    avatar text NOT NULL
);


ALTER TABLE public.authentication_user OWNER TO admin;

--
-- TOC entry 227 (class 1259 OID 16806)
-- Name: authentication_user_groups; Type: TABLE; Schema: public; Owner: admin
--

CREATE TABLE public.authentication_user_groups (
    id bigint NOT NULL,
    user_id bigint NOT NULL,
    group_id integer NOT NULL
);


ALTER TABLE public.authentication_user_groups OWNER TO admin;

--
-- TOC entry 226 (class 1259 OID 16805)
-- Name: authentication_user_groups_id_seq; Type: SEQUENCE; Schema: public; Owner: admin
--

ALTER TABLE public.authentication_user_groups ALTER COLUMN id ADD GENERATED BY DEFAULT AS IDENTITY (
    SEQUENCE NAME public.authentication_user_groups_id_seq
    START WITH 1
    INCREMENT BY 1
    NO MINVALUE
    NO MAXVALUE
    CACHE 1
);


--
-- TOC entry 224 (class 1259 OID 16797)
-- Name: authentication_user_id_seq; Type: SEQUENCE; Schema: public; Owner: admin
--

ALTER TABLE public.authentication_user ALTER COLUMN id ADD GENERATED BY DEFAULT AS IDENTITY (
    SEQUENCE NAME public.authentication_user_id_seq
    START WITH 1
    INCREMENT BY 1
    NO MINVALUE
    NO MAXVALUE
    CACHE 1
);


--
-- TOC entry 229 (class 1259 OID 16812)
-- Name: authentication_user_user_permissions; Type: TABLE; Schema: public; Owner: admin
--

CREATE TABLE public.authentication_user_user_permissions (
    id bigint NOT NULL,
    user_id bigint NOT NULL,
    permission_id integer NOT NULL
);


ALTER TABLE public.authentication_user_user_permissions OWNER TO admin;

--
-- TOC entry 228 (class 1259 OID 16811)
-- Name: authentication_user_user_permissions_id_seq; Type: SEQUENCE; Schema: public; Owner: admin
--

ALTER TABLE public.authentication_user_user_permissions ALTER COLUMN id ADD GENERATED BY DEFAULT AS IDENTITY (
    SEQUENCE NAME public.authentication_user_user_permissions_id_seq
    START WITH 1
    INCREMENT BY 1
    NO MINVALUE
    NO MAXVALUE
    CACHE 1
);


--
-- TOC entry 231 (class 1259 OID 16847)
-- Name: django_admin_log; Type: TABLE; Schema: public; Owner: admin
--

CREATE TABLE public.django_admin_log (
    id integer NOT NULL,
    action_time timestamp with time zone NOT NULL,
    object_id text,
    object_repr character varying(200) NOT NULL,
    action_flag smallint NOT NULL,
    change_message text NOT NULL,
    content_type_id integer,
    user_id bigint NOT NULL,
    CONSTRAINT django_admin_log_action_flag_check CHECK ((action_flag >= 0))
);


ALTER TABLE public.django_admin_log OWNER TO admin;

--
-- TOC entry 230 (class 1259 OID 16846)
-- Name: django_admin_log_id_seq; Type: SEQUENCE; Schema: public; Owner: admin
--

ALTER TABLE public.django_admin_log ALTER COLUMN id ADD GENERATED BY DEFAULT AS IDENTITY (
    SEQUENCE NAME public.django_admin_log_id_seq
    START WITH 1
    INCREMENT BY 1
    NO MINVALUE
    NO MAXVALUE
    CACHE 1
);


--
-- TOC entry 217 (class 1259 OID 16744)
-- Name: django_content_type; Type: TABLE; Schema: public; Owner: admin
--

CREATE TABLE public.django_content_type (
    id integer NOT NULL,
    app_label character varying(100) NOT NULL,
    model character varying(100) NOT NULL
);


ALTER TABLE public.django_content_type OWNER TO admin;

--
-- TOC entry 216 (class 1259 OID 16743)
-- Name: django_content_type_id_seq; Type: SEQUENCE; Schema: public; Owner: admin
--

ALTER TABLE public.django_content_type ALTER COLUMN id ADD GENERATED BY DEFAULT AS IDENTITY (
    SEQUENCE NAME public.django_content_type_id_seq
    START WITH 1
    INCREMENT BY 1
    NO MINVALUE
    NO MAXVALUE
    CACHE 1
);


--
-- TOC entry 215 (class 1259 OID 16736)
-- Name: django_migrations; Type: TABLE; Schema: public; Owner: admin
--

CREATE TABLE public.django_migrations (
    id bigint NOT NULL,
    app character varying(255) NOT NULL,
    name character varying(255) NOT NULL,
    applied timestamp with time zone NOT NULL
);


ALTER TABLE public.django_migrations OWNER TO admin;

--
-- TOC entry 214 (class 1259 OID 16735)
-- Name: django_migrations_id_seq; Type: SEQUENCE; Schema: public; Owner: admin
--

ALTER TABLE public.django_migrations ALTER COLUMN id ADD GENERATED BY DEFAULT AS IDENTITY (
    SEQUENCE NAME public.django_migrations_id_seq
    START WITH 1
    INCREMENT BY 1
    NO MINVALUE
    NO MAXVALUE
    CACHE 1
);


--
-- TOC entry 236 (class 1259 OID 16889)
-- Name: django_session; Type: TABLE; Schema: public; Owner: admin
--

CREATE TABLE public.django_session (
    session_key character varying(40) NOT NULL,
    session_data text NOT NULL,
    expire_date timestamp with time zone NOT NULL
);


ALTER TABLE public.django_session OWNER TO admin;

--
-- TOC entry 3630 (class 0 OID 17026)
-- Dependencies: 246
-- Data for Name: api_address; Type: TABLE DATA; Schema: public; Owner: admin
--

COPY public.api_address (id, created_at, updated_at, email, phone, full_name, province, province_code, district, district_code, ward, ward_code, street, created_by_id) FROM stdin;
2	2023-05-30 02:49:34.220175+00	2023-05-30 02:49:34.220193+00		0123456789	Hoang Dinh Anh Tuan	Quang Tri	2	Trieu Phong	3	Ai Tu	4	29 Truong Chinh	1
4	2023-06-13 04:13:34.882376+00	2023-06-13 04:36:11.653693+00	123@gmail.com	0123456789	Anh Tuan Dep trai	Tỉnh Lai Châu	12	Huyện Nậm Nhùn	112	Xã Nậm Chà	3473	Hello	3
5	2023-06-13 05:50:05.841737+00	2023-06-13 05:50:05.84177+00	a@gmail.com	1	Tuan	Thành phố Hà Nội	1	Quận Hoàn Kiếm	2	Phường Hàng Buồm	46	12	3
\.


--
-- TOC entry 3636 (class 0 OID 17067)
-- Dependencies: 252
-- Data for Name: api_cartitem; Type: TABLE DATA; Schema: public; Owner: admin
--

COPY public.api_cartitem (id, created_at, updated_at, qty, created_by_id, product_id, variation_id) FROM stdin;
32	2023-06-14 14:29:33.437463+00	2023-06-14 14:29:33.437489+00	1	3	2	1
33	2023-06-14 14:29:45.518403+00	2023-06-14 14:29:45.518418+00	1	3	2	5
15	2023-06-10 06:25:09.507226+00	2023-06-10 06:40:48.492601+00	8	1	2	3
\.


--
-- TOC entry 3617 (class 0 OID 16868)
-- Dependencies: 233
-- Data for Name: api_category; Type: TABLE DATA; Schema: public; Owner: admin
--

COPY public.api_category (id, created_at, updated_at, name, "desc", img_url, is_deleted) FROM stdin;
2	2023-05-29 04:47:18.887273+00	2023-05-29 04:47:18.887288+00	Sofas		https://img.freepik.com/free-photo/mid-century-modern-living-room-interior-design-with-monstera-tree_53876-129804.jpg	f
3	2023-05-29 05:34:20.84342+00	2023-05-29 05:34:20.843436+00	Lunge		https://img.freepik.com/free-photo/mid-century-modern-living-room-interior-design-with-monstera-tree_53876-129804.jpg	f
4	2023-05-29 08:14:31.019972+00	2023-05-29 08:14:31.019993+00	Den ong anh		https://img.freepik.com/free-photo/mid-century-modern-living-room-interior-design-with-monstera-tree_53876-129804.jpg	f
6	2023-05-30 09:35:39.543036+00	2023-05-30 09:35:39.543061+00	Bed		https://img.freepik.com/free-photo/mid-century-modern-living-room-interior-design-with-monstera-tree_53876-129804.jpg	f
5	2023-05-30 07:15:29.886049+00	2023-05-31 13:33:22.602934+00	Bed		https://img.freepik.com/free-photo/mid-century-modern-living-room-interior-design-with-monstera-tree_53876-129804.jpg	t
\.


--
-- TOC entry 3638 (class 0 OID 17091)
-- Dependencies: 254
-- Data for Name: api_favoriteitem; Type: TABLE DATA; Schema: public; Owner: admin
--

COPY public.api_favoriteitem (id, created_at, updated_at, created_by_id, product_id) FROM stdin;
22	2023-06-14 14:29:41.65614+00	2023-06-14 14:29:41.65618+00	3	2
\.


--
-- TOC entry 3622 (class 0 OID 16899)
-- Dependencies: 238
-- Data for Name: api_order; Type: TABLE DATA; Schema: public; Owner: admin
--

COPY public.api_order (id, created_at, updated_at, phone, full_name, province, province_code, district, district_code, ward, ward_code, street, status, total, payment, created_by_id, email, shipping_date, voucher_id) FROM stdin;
7	2023-05-29 11:37:06.185498+00	2023-05-29 11:37:06.185529+00	0123456789	Hoang Dinh Anh Tuan	Quang Tri	2	Trieu Phong	3	Ai Tu	4	29 Truong Chinh	In progress	305.00	Momo	1		\N	\N
16	2023-05-29 11:40:27.702582+00	2023-05-29 11:40:27.702605+00	0123456789	Hoang Dinh Anh Tuan	Quang Tri	2	Trieu Phong	3	Ai Tu	4	29 Truong Chinh	In progress	305.00	Momo	1		\N	\N
17	2023-05-29 11:41:56.010438+00	2023-05-29 11:41:56.010454+00	0123456789	Hoang Dinh Anh Tuan	Quang Tri	2	Trieu Phong	3	Ai Tu	4	29 Truong Chinh	In progress	305.00	Momo	1		\N	\N
19	2023-05-29 11:46:06.486876+00	2023-05-29 11:46:06.486895+00	0123456789	Hoang Dinh Anh Tuan	Quang Tri	2	Trieu Phong	3	Ai Tu	4	29 Truong Chinh	In progress	305.00	Momo	1		\N	\N
20	2023-05-29 11:46:16.430524+00	2023-05-29 11:46:16.430542+00	0123456789	Hoang Dinh Anh Tuan	Quang Tri	2	Trieu Phong	3	Ai Tu	4	29 Truong Chinh	In progress	305.00	Momo	1		\N	\N
21	2023-05-29 11:48:00.3714+00	2023-05-29 11:48:00.371422+00	0123456789	Hoang Dinh Anh Tuan	Quang Tri	2	Trieu Phong	3	Ai Tu	4	29 Truong Chinh	In progress	305.00	Momo	1		\N	\N
50	2023-05-30 10:25:52.954129+00	2023-05-30 10:25:52.95416+00	0123456789	Hoang Dinh Anh Tuan	Quang Tri	2	Trieu Phong	3	Ai Tu	4	29 Truong Chinh	In progress	244.00	Momo	1	test@gmail.com	\N	1
51	2023-05-30 10:28:03.415047+00	2023-05-30 10:28:03.415068+00	0123456789	Hoang Dinh Anh Tuan	Quang Tri	2	Trieu Phong	3	Ai Tu	4	29 Truong Chinh	In progress	244.00	Momo	1	test@gmail.com	\N	1
52	2023-05-30 10:28:16.15487+00	2023-05-30 10:28:16.154886+00	0123456789	Hoang Dinh Anh Tuan	Quang Tri	2	Trieu Phong	3	Ai Tu	4	29 Truong Chinh	In progress	244.00	Momo	1	test@gmail.com	\N	\N
18	2023-05-29 11:44:44.769648+00	2023-05-29 11:54:10.234353+00	0111111111	Hoang Dinh Anh Tuan	Quang Tri	2	Trieu Phong	3	Ai Tu	4	29 Truong Chinh	In progress	305.00	Momo	1		\N	\N
22	2023-05-29 14:38:44.401472+00	2023-05-29 14:38:44.401488+00	0123456789	Hoang Dinh Anh Tuan	Quang Tri	2	Trieu Phong	3	Ai Tu	4	29 Truong Chinh	In progress	305.00	Momo	1		\N	\N
23	2023-05-29 14:38:59.158922+00	2023-05-29 14:38:59.158941+00	0123456789	Hoang Dinh Anh Tuan	Quang Tri	2	Trieu Phong	3	Ai Tu	4	29 Truong Chinh	In progress	305.00	Momo	1		\N	\N
24	2023-05-29 14:39:42.386317+00	2023-05-29 14:39:42.386335+00	0123456789	Hoang Dinh Anh Tuan	Quang Tri	2	Trieu Phong	3	Ai Tu	4	29 Truong Chinh	In progress	305.00	Momo	1		\N	\N
25	2023-05-29 14:40:17.181016+00	2023-05-29 14:40:17.181043+00	0123456789	Hoang Dinh Anh Tuan	Quang Tri	2	Trieu Phong	3	Ai Tu	4	29 Truong Chinh	In progress	305.00	Momo	1		\N	\N
26	2023-05-29 14:41:08.999755+00	2023-05-29 14:41:08.999786+00	0123456789	Hoang Dinh Anh Tuan	Quang Tri	2	Trieu Phong	3	Ai Tu	4	29 Truong Chinh	In progress	305.00	Momo	1		\N	\N
27	2023-05-29 14:42:06.766425+00	2023-05-29 14:42:06.766444+00	0123456789	Hoang Dinh Anh Tuan	Quang Tri	2	Trieu Phong	3	Ai Tu	4	29 Truong Chinh	In progress	305.00	Momo	1		\N	\N
28	2023-05-29 14:42:45.803214+00	2023-05-29 14:42:45.803246+00	0123456789	Hoang Dinh Anh Tuan	Quang Tri	2	Trieu Phong	3	Ai Tu	4	29 Truong Chinh	In progress	305.00	Momo	1		\N	\N
29	2023-05-29 14:43:19.936808+00	2023-05-29 14:43:19.936824+00	0123456789	Hoang Dinh Anh Tuan	Quang Tri	2	Trieu Phong	3	Ai Tu	4	29 Truong Chinh	In progress	305.00	Momo	1		\N	\N
30	2023-05-29 14:45:31.567881+00	2023-05-29 14:45:31.567904+00	0123456789	Hoang Dinh Anh Tuan	Quang Tri	2	Trieu Phong	3	Ai Tu	4	29 Truong Chinh	In progress	305.00	Momo	1		\N	\N
31	2023-05-29 14:53:38.90181+00	2023-05-29 14:53:38.901828+00	0123456789	Hoang Dinh Anh Tuan	Quang Tri	2	Trieu Phong	3	Ai Tu	4	29 Truong Chinh	In progress	305.00	Momo	1		\N	\N
32	2023-05-29 14:53:59.172477+00	2023-05-29 14:53:59.172503+00	0123456789	Hoang Dinh Anh Tuan	Quang Tri	2	Trieu Phong	3	Ai Tu	4	29 Truong Chinh	In progress	305.00	Momo	1		\N	\N
33	2023-05-29 14:55:01.701264+00	2023-05-29 14:55:01.701279+00	0123456789	Hoang Dinh Anh Tuan	Quang Tri	2	Trieu Phong	3	Ai Tu	4	29 Truong Chinh	In progress	305.00	Momo	1		\N	\N
34	2023-05-29 14:58:58.405547+00	2023-05-29 14:58:58.405564+00	0123456789	Hoang Dinh Anh Tuan	Quang Tri	2	Trieu Phong	3	Ai Tu	4	29 Truong Chinh	In progress	305.00	Momo	1		\N	\N
35	2023-05-29 14:59:46.58197+00	2023-05-29 14:59:46.581988+00	0123456789	Hoang Dinh Anh Tuan	Quang Tri	2	Trieu Phong	3	Ai Tu	4	29 Truong Chinh	In progress	305.00	Momo	1		\N	\N
36	2023-05-29 15:01:30.072296+00	2023-05-29 15:01:30.072313+00	0123456789	Hoang Dinh Anh Tuan	Quang Tri	2	Trieu Phong	3	Ai Tu	4	29 Truong Chinh	In progress	305.00	Momo	1		\N	\N
37	2023-05-29 15:01:47.512651+00	2023-05-29 15:01:47.512676+00	0123456789	Hoang Dinh Anh Tuan	Quang Tri	2	Trieu Phong	3	Ai Tu	4	29 Truong Chinh	In progress	305.00	Momo	1		\N	\N
38	2023-05-29 15:12:56.08744+00	2023-05-29 15:12:56.087458+00	0123456789	Hoang Dinh Anh Tuan	Quang Tri	2	Trieu Phong	3	Ai Tu	4	29 Truong Chinh	In progress	305.00	Momo	1		\N	\N
39	2023-05-29 15:16:28.198271+00	2023-05-29 15:16:28.1983+00	0123456789	Hoang Dinh Anh Tuan	Quang Tri	2	Trieu Phong	3	Ai Tu	4	29 Truong Chinh	In progress	305.00	Momo	1		\N	\N
40	2023-05-29 15:21:01.904533+00	2023-05-29 15:21:01.90455+00	0123456789	Hoang Dinh Anh Tuan	Quang Tri	2	Trieu Phong	3	Ai Tu	4	29 Truong Chinh	In progress	305.00	Momo	1		\N	\N
41	2023-05-30 07:55:12.84896+00	2023-05-30 07:55:12.848998+00				0		0		0		In progress	3000.00	COD	1		\N	\N
42	2023-05-30 08:17:07.810528+00	2023-05-30 08:17:07.810543+00	0123456789	Hoang Dinh Anh Tuan	Quang Tri	2	Trieu Phong	3	Ai Tu	4	29 Truong Chinh	In progress	6000.00	Momo 0123456789	1	test@gmail.com	\N	\N
43	2023-05-30 08:38:37.341077+00	2023-05-30 08:38:37.341094+00	0123456789	Hoang Dinh Anh Tuan	Quang Tri	2	Trieu Phong	3	Ai Tu	4	29 Truong Chinh	In progress	3000.00	Momo 0123456789	1	test@gmail.com	\N	\N
44	2023-05-30 10:04:25.239707+00	2023-05-30 10:04:25.239726+00	0123456789	Hoang Dinh Anh Tuan	Quang Tri	2	Trieu Phong	3	Ai Tu	4	29 Truong Chinh	In progress	305.00	Momo	1	test@gmail.com	\N	\N
45	2023-05-30 10:22:44.339278+00	2023-05-30 10:22:44.339296+00	0123456789	Hoang Dinh Anh Tuan	Quang Tri	2	Trieu Phong	3	Ai Tu	4	29 Truong Chinh	In progress	244.00	Momo	1	test@gmail.com	\N	1
46	2023-05-30 10:24:13.974841+00	2023-05-30 10:24:13.974857+00	0123456789	Hoang Dinh Anh Tuan	Quang Tri	2	Trieu Phong	3	Ai Tu	4	29 Truong Chinh	In progress	244.00	Momo	1	test@gmail.com	\N	1
47	2023-05-30 10:24:33.88541+00	2023-05-30 10:24:33.885431+00	0123456789	Hoang Dinh Anh Tuan	Quang Tri	2	Trieu Phong	3	Ai Tu	4	29 Truong Chinh	In progress	244.00	Momo	1	test@gmail.com	\N	1
48	2023-05-30 10:25:04.183358+00	2023-05-30 10:25:04.183375+00	0123456789	Hoang Dinh Anh Tuan	Quang Tri	2	Trieu Phong	3	Ai Tu	4	29 Truong Chinh	In progress	244.00	Momo	1	test@gmail.com	\N	1
49	2023-05-30 10:25:29.912322+00	2023-05-30 10:25:29.912365+00	0123456789	Hoang Dinh Anh Tuan	Quang Tri	2	Trieu Phong	3	Ai Tu	4	29 Truong Chinh	In progress	244.00	Momo	1	test@gmail.com	\N	1
53	2023-05-30 10:28:44.9403+00	2023-05-30 10:28:44.940317+00	0123456789	Hoang Dinh Anh Tuan	Quang Tri	2	Trieu Phong	3	Ai Tu	4	29 Truong Chinh	In progress	244.00	Momo	1	test@gmail.com	\N	1
54	2023-05-30 10:29:26.163705+00	2023-05-30 10:29:26.166189+00	0123456789	Hoang Dinh Anh Tuan	Quang Tri	2	Trieu Phong	3	Ai Tu	4	29 Truong Chinh	In progress	244.00	Momo	1	test@gmail.com	\N	1
6	2023-05-29 11:32:18.778193+00	2023-05-30 15:45:56.766139+00	0123456789	Hoang Dinh Anh Tuan	Quang Tri	2	Trieu Phong	3	Ai Tu	4	29 Truong Chinh	Success	305.00	Momo	1		\N	\N
15	2023-05-29 11:40:14.314946+00	2023-05-31 01:58:49.07098+00	0123456789	Hoang Dinh Anh Tuan	Quang Tri	2	Trieu Phong	3	Ai Tu	4	29 Truong Chinh	Success	305.00	Momo	1		\N	\N
55	2023-05-30 10:29:43.204424+00	2023-05-30 10:29:43.212367+00	0123456789	Hoang Dinh Anh Tuan	Quang Tri	2	Trieu Phong	3	Ai Tu	4	29 Truong Chinh	In progress	244.00	Momo	1	test@gmail.com	\N	1
56	2023-05-30 10:29:44.34597+00	2023-05-30 10:29:44.353718+00	0123456789	Hoang Dinh Anh Tuan	Quang Tri	2	Trieu Phong	3	Ai Tu	4	29 Truong Chinh	In progress	244.00	Momo	1	test@gmail.com	\N	1
57	2023-05-30 10:31:10.94526+00	2023-05-30 10:31:10.945276+00	0123456789	Hoang Dinh Anh Tuan	Quang Tri	2	Trieu Phong	3	Ai Tu	4	29 Truong Chinh	In progress	244.00	Momo	1	test@gmail.com	\N	1
58	2023-05-30 10:31:38.813215+00	2023-05-30 10:31:38.813233+00	0123456789	Hoang Dinh Anh Tuan	Quang Tri	2	Trieu Phong	3	Ai Tu	4	29 Truong Chinh	In progress	244.00	Momo	1	test@gmail.com	\N	1
59	2023-05-30 10:31:47.452513+00	2023-05-30 10:31:47.45253+00	0123456789	Hoang Dinh Anh Tuan	Quang Tri	2	Trieu Phong	3	Ai Tu	4	29 Truong Chinh	In progress	244.00	Momo	1	test@gmail.com	\N	1
60	2023-05-30 10:33:17.597619+00	2023-05-30 10:33:17.59765+00	0123456789	Hoang Dinh Anh Tuan	Quang Tri	2	Trieu Phong	3	Ai Tu	4	29 Truong Chinh	In progress	244.00	Momo	1	test@gmail.com	\N	1
61	2023-05-30 10:33:18.840982+00	2023-05-30 10:33:18.840997+00	0123456789	Hoang Dinh Anh Tuan	Quang Tri	2	Trieu Phong	3	Ai Tu	4	29 Truong Chinh	In progress	244.00	Momo	1	test@gmail.com	\N	1
62	2023-05-30 10:33:19.486791+00	2023-05-30 10:33:19.486809+00	0123456789	Hoang Dinh Anh Tuan	Quang Tri	2	Trieu Phong	3	Ai Tu	4	29 Truong Chinh	In progress	244.00	Momo	1	test@gmail.com	\N	1
63	2023-05-30 10:38:48.521991+00	2023-05-30 10:38:48.522023+00	0123456789	Hoang Dinh Anh Tuan	Quang Tri	2	Trieu Phong	3	Ai Tu	4	29 Truong Chinh	In progress	244.00	Momo	1	test@gmail.com	\N	1
64	2023-05-30 10:41:33.876482+00	2023-05-30 10:41:33.876498+00	0123456789	Hoang Dinh Anh Tuan	Quang Tri	2	Trieu Phong	3	Ai Tu	4	29 Truong Chinh	In progress	244.00	Momo	1	test@gmail.com	\N	1
65	2023-05-30 10:41:57.65061+00	2023-05-30 10:41:57.65064+00	0123456789	Hoang Dinh Anh Tuan	Quang Tri	2	Trieu Phong	3	Ai Tu	4	29 Truong Chinh	In progress	244.00	Momo	1	test@gmail.com	\N	1
66	2023-05-30 10:42:10.845441+00	2023-05-30 10:42:10.845492+00	0123456789	Hoang Dinh Anh Tuan	Quang Tri	2	Trieu Phong	3	Ai Tu	4	29 Truong Chinh	In progress	244.00	Momo	1	test@gmail.com	\N	1
67	2023-05-30 10:42:11.911737+00	2023-05-30 10:42:11.911753+00	0123456789	Hoang Dinh Anh Tuan	Quang Tri	2	Trieu Phong	3	Ai Tu	4	29 Truong Chinh	In progress	244.00	Momo	1	test@gmail.com	\N	1
70	2023-05-30 10:42:15.866599+00	2023-05-30 10:42:15.866615+00	0123456789	Hoang Dinh Anh Tuan	Quang Tri	2	Trieu Phong	3	Ai Tu	4	29 Truong Chinh	In progress	244.00	Momo	1	test@gmail.com	\N	1
81	2023-05-31 09:19:06.549765+00	2023-05-31 09:19:31.623925+00	0123456789	Hoang Dinh Anh Tuan	Quang Tri	2	Trieu Phong	3	Ai Tu	4	29 Truong Chinh	Cancelled	800.00	Momo 0123456789	2	test@gmail.com	\N	1
72	2023-05-30 10:43:53.476898+00	2023-05-30 10:43:53.486999+00	0123456789	Hoang Dinh Anh Tuan	Quang Tri	2	Trieu Phong	3	Ai Tu	4	29 Truong Chinh	In progress	244.00	Momo	1	test@gmail.com	\N	1
73	2023-05-30 10:48:36.021471+00	2023-05-30 10:48:36.021492+00	0123456789	Hoang Dinh Anh Tuan	Quang Tri	2	Trieu Phong	3	Ai Tu	4	29 Truong Chinh	In progress	244.00	Momo	1	test@gmail.com	\N	1
75	2023-05-30 10:54:39.816702+00	2023-05-30 10:54:39.816717+00	0123456789	Hoang Dinh Anh Tuan	Quang Tri	2	Trieu Phong	3	Ai Tu	4	29 Truong Chinh	In progress	4000.00	Momo 0123456789	1	test@gmail.com	\N	1
76	2023-05-30 11:06:05.065596+00	2023-05-30 11:06:05.065625+00	0123456789	Hoang Dinh Anh Tuan	Quang Tri	2	Trieu Phong	3	Ai Tu	4	29 Truong Chinh	In progress	274.00	Momo	1	test@gmail.com	\N	3
68	2023-05-30 10:42:13.957673+00	2023-05-30 10:42:13.95769+00	0123456789	Hoang Dinh Anh Tuan	Quang Tri	2	Trieu Phong	3	Ai Tu	4	29 Truong Chinh	Success\n	244.00	Momo	1	test@gmail.com	\N	1
71	2023-05-30 10:43:33.835317+00	2023-05-30 10:43:33.845312+00	0123456789	Hoang Dinh Anh Tuan	Quang Tri	2	Trieu Phong	3	Ai Tu	4	29 Truong Chinh	Success	244.00	Momo	1	test@gmail.com	\N	1
74	2023-05-30 10:51:19.799572+00	2023-05-30 10:51:19.799592+00	0123456789	Hoang Dinh Anh Tuan	Quang Tri	2	Trieu Phong	3	Ai Tu	4	29 Truong Chinh	Success	5000.00	Momo 0123456789	1	test@gmail.com	\N	\N
82	2023-05-31 23:50:30.013019+00	2023-05-31 23:53:01.589991+00	0123456789	Hoang Dinh Anh Tuan	Quang Tri	2	Trieu Phong	3	Ai Tu	4	29 Truong Chinh	Cancelled	800.00	Momo 0123456789	3	test@gmail.com	\N	1
69	2023-06-30 10:42:15.066682+00	2023-06-30 10:42:15.066697+00	0123456789	Hoang Dinh Anh Tuan	Quang Tri	2	Trieu Phong	3	Ai Tu	4	29 Truong Chinh	Success	244.00	Momo	1	test@gmail.com	\N	1
78	2023-04-30 01:37:34.993898+00	2023-05-31 01:37:34.99391+00	0123456789	Hoang Dinh Anh Tuan	Quang Tri	2	Trieu Phong	3	Ai Tu	4	29 Truong Chinh	Success	800.00	Momo 0123456789	1	test@gmail.com	\N	1
79	2023-05-31 02:05:03.379099+00	2023-05-31 02:17:37.579204+00	0123456789	Hoang Dinh Anh Tuan	Quang Tri	2	Trieu Phong	3	Ai Tu	4	29 Truong Chinh	Success	800.00	Momo 0123456789	3	test@gmail.com	\N	1
77	2023-01-31 01:37:17.105164+00	2023-05-31 01:37:17.105668+00	0123456789	Hoang Dinh Anh Tuan	Quang Tri	2	Trieu Phong	3	Ai Tu	4	29 Truong Chinh	Success	305.00	Momo	1	test@gmail.com	\N	\N
80	2023-05-31 09:10:09.190938+00	2023-05-31 09:19:00.247508+00	0123456789	Hoang Dinh Anh Tuan	Quang Tri	2	Trieu Phong	3	Ai Tu	4	29 Truong Chinh	Cancelled	800.00	Momo 0123456789	2	test@gmail.com	\N	1
86	2023-06-14 05:19:09.065129+00	2023-06-14 05:19:09.065146+00	0123456789	Anh Tuan Dep trai	Tỉnh Lai Châu	12	Huyện Nậm Nhùn	112	Xã Nậm Chà	3473	Hello	In progress	3000.00	Mastercard Avb	3	123@gmail.com	\N	\N
87	2023-06-14 05:20:38.573276+00	2023-06-14 05:20:38.573305+00	0123456789	Hoang Dinh Anh Tuan	Quang Tri	2	Trieu Phong	3	Ai Tu	4	29 Truong Chinh	In progress	3000.00	Momo 0123456789	3	test@gmail.com	\N	\N
88	2023-06-14 05:21:15.72237+00	2023-06-14 05:21:15.722388+00	0123456789	Anh Tuan Dep trai	Tỉnh Lai Châu	12	Huyện Nậm Nhùn	112	Xã Nậm Chà	3473	Hello	In progress	3000.00	Mastercard Avb	3	123@gmail.com	\N	\N
89	2023-06-14 05:33:44.29151+00	2023-06-14 05:33:44.291527+00	0123456789	Anh Tuan Dep trai	Tỉnh Lai Châu	12	Huyện Nậm Nhùn	112	Xã Nậm Chà	3473	Hello	In progress	1000.00	Mastercard Avb	3	123@gmail.com	\N	\N
90	2023-06-14 05:56:29.104608+00	2023-06-14 05:56:29.104624+00	0123456789	Anh Tuan Dep trai	Tỉnh Lai Châu	12	Huyện Nậm Nhùn	112	Xã Nậm Chà	3473	Hello	In progress	1000.00	Momo Tu	3	123@gmail.com	\N	\N
91	2023-06-14 06:06:26.333887+00	2023-06-14 06:06:26.333916+00	0123456789	Anh Tuan Dep trai	Tỉnh Lai Châu	12	Huyện Nậm Nhùn	112	Xã Nậm Chà	3473	Hello	In progress	1000.00	Momo Tu	3	123@gmail.com	\N	\N
84	2023-06-14 05:15:45.736011+00	2023-06-14 11:20:27.512267+00	0123456789	Anh Tuan Dep trai	Tỉnh Lai Châu	12	Huyện Nậm Nhùn	112	Xã Nậm Chà	3473	Hello	Cancelled	3000.00	Momo Tu	3	123@gmail.com	\N	\N
85	2023-06-14 05:17:50.298229+00	2023-06-14 11:21:20.218271+00	0123456789	Anh Tuan Dep trai	Tỉnh Lai Châu	12	Huyện Nậm Nhùn	112	Xã Nậm Chà	3473	Hello	Cancelled	3000.00	Mastercard Avb	3	123@gmail.com	\N	\N
92	2023-06-14 06:16:50.734362+00	2023-06-14 06:16:50.734395+00	0123456789	Anh Tuan Dep trai	Tỉnh Lai Châu	12	Huyện Nậm Nhùn	112	Xã Nậm Chà	3473	Hello	In progress	1010.00	Momo Tu	3	123@gmail.com	\N	\N
83	2023-06-14 05:12:01.362095+00	2023-06-14 11:20:19.520731+00	0123456789	Anh Tuan Dep trai	Tỉnh Lai Châu	12	Huyện Nậm Nhùn	112	Xã Nậm Chà	3473	Hello	Cancelled	3000.00	Mastercard Avb	3	123@gmail.com	\N	\N
93	2023-06-14 06:21:01.871908+00	2023-06-14 21:56:49.842215+00	0123456789	Anh Tuan Dep trai	Tỉnh Lai Châu	12	Huyện Nậm Nhùn	112	Xã Nậm Chà	3473	Hello	Success	1010.00	Momo Tu	3	123@gmail.com	\N	\N
\.


--
-- TOC entry 3626 (class 0 OID 16915)
-- Dependencies: 242
-- Data for Name: api_orderdetail; Type: TABLE DATA; Schema: public; Owner: admin
--

COPY public.api_orderdetail (id, created_at, updated_at, price, qty, order_id, variation_id, product_id) FROM stdin;
1	2023-05-29 11:44:44.777984+00	2023-05-29 11:44:44.778007+00	200.00	15	18	1	2
2	2023-05-29 11:46:06.494826+00	2023-05-29 11:46:06.494856+00	200.00	15	19	1	2
3	2023-05-29 11:46:16.43821+00	2023-05-29 11:46:16.438232+00	200.00	15	20	1	2
4	2023-05-29 11:48:00.378294+00	2023-05-29 11:48:00.378307+00	200.00	15	21	1	2
19	2023-05-29 15:01:47.51575+00	2023-05-29 15:01:47.515771+00	200.00	15	37	1	2
20	2023-05-29 15:12:56.095783+00	2023-05-29 15:12:56.095797+00	200.00	15	38	1	2
21	2023-05-29 15:16:28.206772+00	2023-05-29 15:16:28.206794+00	200.00	15	39	1	2
22	2023-05-29 15:21:01.912157+00	2023-05-29 15:21:01.912178+00	200.00	15	40	1	2
23	2023-05-30 07:55:12.858522+00	2023-05-30 07:55:12.85855+00	1000.00	1	41	1	2
24	2023-05-30 07:55:12.862328+00	2023-05-30 07:55:12.862355+00	1000.00	2	41	6	5
25	2023-05-30 08:17:07.818178+00	2023-05-30 08:17:07.8182+00	1000.00	4	42	1	2
26	2023-05-30 08:17:07.820374+00	2023-05-30 08:17:07.820386+00	1000.00	2	42	6	5
27	2023-05-30 08:38:37.343476+00	2023-05-30 08:38:37.34349+00	1000.00	3	43	6	5
28	2023-05-30 10:04:25.247659+00	2023-05-30 10:04:25.247681+00	200.00	15	44	1	2
29	2023-05-30 10:22:44.34702+00	2023-05-30 10:22:44.347042+00	200.00	15	45	1	2
30	2023-05-30 10:24:13.983049+00	2023-05-30 10:24:13.983078+00	200.00	15	46	1	2
31	2023-05-30 10:24:33.892692+00	2023-05-30 10:24:33.892704+00	200.00	15	47	1	2
32	2023-05-30 10:25:04.191525+00	2023-05-30 10:25:04.191552+00	200.00	15	48	1	2
33	2023-05-30 10:25:29.921298+00	2023-05-30 10:25:29.921331+00	200.00	15	49	1	2
34	2023-05-30 10:25:52.962702+00	2023-05-30 10:25:52.962731+00	200.00	15	50	1	2
35	2023-05-30 10:28:03.422523+00	2023-05-30 10:28:03.422536+00	200.00	15	51	1	2
36	2023-05-30 10:28:16.162444+00	2023-05-30 10:28:16.162458+00	200.00	15	52	1	2
37	2023-05-30 10:28:44.948386+00	2023-05-30 10:28:44.948402+00	200.00	15	53	1	2
38	2023-05-30 10:29:26.168969+00	2023-05-30 10:29:26.168998+00	200.00	15	54	1	2
39	2023-05-30 10:29:43.215975+00	2023-05-30 10:29:43.216002+00	200.00	15	55	1	2
40	2023-05-30 10:29:44.357141+00	2023-05-30 10:29:44.357163+00	200.00	15	56	1	2
41	2023-05-30 10:31:10.956965+00	2023-05-30 10:31:10.956994+00	200.00	15	57	1	2
42	2023-05-30 10:31:38.820634+00	2023-05-30 10:31:38.820657+00	200.00	15	58	1	2
43	2023-05-30 10:31:47.460111+00	2023-05-30 10:31:47.460125+00	200.00	15	59	1	2
44	2023-05-30 10:33:17.606231+00	2023-05-30 10:33:17.606253+00	200.00	15	60	1	2
45	2023-05-30 10:33:18.842909+00	2023-05-30 10:33:18.842923+00	200.00	15	61	1	2
46	2023-05-30 10:33:19.494093+00	2023-05-30 10:33:19.494106+00	200.00	15	62	1	2
47	2023-05-30 10:38:48.530953+00	2023-05-30 10:38:48.530982+00	200.00	15	63	1	2
48	2023-05-30 10:41:33.884094+00	2023-05-30 10:41:33.884118+00	200.00	15	64	1	2
49	2023-05-30 10:41:57.659397+00	2023-05-30 10:41:57.659422+00	200.00	15	65	1	2
50	2023-05-30 10:42:10.85464+00	2023-05-30 10:42:10.854669+00	200.00	15	66	1	2
51	2023-05-30 10:42:11.919268+00	2023-05-30 10:42:11.919296+00	200.00	15	67	1	2
52	2023-05-30 10:42:13.964903+00	2023-05-30 10:42:13.964918+00	200.00	15	68	1	2
53	2023-05-30 10:42:15.07454+00	2023-05-30 10:42:15.074556+00	200.00	15	69	1	2
54	2023-05-30 10:42:15.873682+00	2023-05-30 10:42:15.873696+00	200.00	15	70	1	2
55	2023-05-30 10:43:33.843128+00	2023-05-30 10:43:33.843143+00	200.00	15	71	1	2
56	2023-05-30 10:43:53.484443+00	2023-05-30 10:43:53.484466+00	200.00	15	72	1	2
57	2023-05-30 10:48:36.029251+00	2023-05-30 10:48:36.029264+00	200.00	15	73	1	2
58	2023-05-30 10:51:19.802274+00	2023-05-30 10:51:19.802285+00	1000.00	5	74	3	2
59	2023-05-30 10:54:39.824678+00	2023-05-30 10:54:39.824706+00	1000.00	5	75	3	2
60	2023-05-30 11:06:05.075631+00	2023-05-30 11:06:05.075659+00	200.00	15	76	1	2
61	2023-05-31 01:37:17.114829+00	2023-05-31 01:37:17.114846+00	200.00	15	77	1	2
62	2023-05-31 01:37:35.001296+00	2023-05-31 01:37:35.00131+00	1000.00	1	78	3	2
63	2023-05-31 02:05:03.382316+00	2023-05-31 02:05:03.382338+00	1000.00	1	79	3	5
64	2023-05-31 09:10:09.194021+00	2023-05-31 09:10:09.194035+00	1000.00	1	80	3	2
65	2023-05-31 09:19:06.557053+00	2023-05-31 09:19:06.557068+00	1000.00	1	81	3	2
66	2023-05-31 23:50:30.016955+00	2023-05-31 23:50:30.016984+00	1000.00	1	82	3	2
67	2023-06-14 05:12:01.367323+00	2023-06-14 05:12:01.367345+00	1000.00	2	83	1	2
68	2023-06-14 05:12:01.370967+00	2023-06-14 05:12:01.370988+00	1000.00	1	83	5	2
69	2023-06-14 05:15:45.743558+00	2023-06-14 05:15:45.743598+00	1000.00	2	84	1	2
70	2023-06-14 05:15:45.745707+00	2023-06-14 05:15:45.745729+00	1000.00	1	84	5	2
71	2023-06-14 05:17:50.306253+00	2023-06-14 05:17:50.306278+00	1000.00	2	85	1	2
72	2023-06-14 05:17:50.309025+00	2023-06-14 05:17:50.309052+00	1000.00	1	85	5	2
73	2023-06-14 05:19:09.067058+00	2023-06-14 05:19:09.067072+00	1000.00	2	86	1	2
74	2023-06-14 05:19:09.068762+00	2023-06-14 05:19:09.068775+00	1000.00	1	86	5	2
75	2023-06-14 05:20:38.58099+00	2023-06-14 05:20:38.581013+00	1000.00	2	87	1	2
76	2023-06-14 05:20:38.58328+00	2023-06-14 05:20:38.583302+00	1000.00	1	87	5	2
77	2023-06-14 05:21:15.724625+00	2023-06-14 05:21:15.724642+00	1000.00	2	88	1	2
78	2023-06-14 05:21:15.72671+00	2023-06-14 05:21:15.726725+00	1000.00	1	88	5	2
79	2023-06-14 05:33:44.299298+00	2023-06-14 05:33:44.299316+00	1000.00	1	89	1	2
80	2023-06-14 05:56:29.111734+00	2023-06-14 05:56:29.111748+00	1000.00	1	90	1	2
81	2023-06-14 06:06:26.341791+00	2023-06-14 06:06:26.341813+00	1000.00	1	91	1	2
82	2023-06-14 06:16:50.743304+00	2023-06-14 06:16:50.743332+00	1000.00	1	92	1	2
83	2023-06-14 06:21:01.874175+00	2023-06-14 06:21:01.874192+00	1000.00	1	93	1	2
\.


--
-- TOC entry 3634 (class 0 OID 17048)
-- Dependencies: 250
-- Data for Name: api_payment; Type: TABLE DATA; Schema: public; Owner: admin
--

COPY public.api_payment (id, created_at, updated_at, name, exp, provider_id, created_by_id, number, cvc) FROM stdin;
1	2023-05-30 03:41:48.757379+00	2023-05-30 03:47:11.770355+00	Linh	\N	2	1		
3	2023-05-31 08:40:59.359241+00	2023-05-31 08:40:59.359256+00	Tu	\N	5	2		
4	2023-06-13 05:38:13.250566+00	2023-06-13 05:38:13.250585+00	Tu	2029-12-20	5	3		
6	2023-06-14 03:42:00.438269+00	2023-06-14 03:45:33.506667+00	Avb	2023-12-31	2	3	1234123412341231	1244
7	2023-06-14 03:47:28.447825+00	2023-06-14 03:47:41.341341+00	Avb	2023-12-31	2	3	1234123412341212	1244
5	2023-06-14 03:30:35.390383+00	2023-06-14 03:47:52.682546+00	Tuan Anh	2023-12-31	2	3	1234123412348888	134
\.


--
-- TOC entry 3632 (class 0 OID 17040)
-- Dependencies: 248
-- Data for Name: api_paymentprovider; Type: TABLE DATA; Schema: public; Owner: admin
--

COPY public.api_paymentprovider (id, created_at, updated_at, is_deleted, img_url, name, method) FROM stdin;
1	2023-05-30 02:49:34.220175+00	2023-05-30 02:49:34.220175+00	f	https://firebasestorage.googleapis.com/v0/b/evaware-893a5.appspot.com/o/payment_providers%2Fvisa.png?alt=media&token=6f33f581-ac3a-4308-8dd3-3badd6d84110&_gl=1*15xjzlo*_ga*MTUxMjk3ODk4Ni4xNjg0MDU1ODkw*_ga_CW55HF8NVT*MTY4NTQxNTg4Ni4yOS4xLjE2ODU0MTY1NjIuMC4wLjA.	Visa	Card
2	2023-05-30 02:49:34.220175+00	2023-05-30 02:49:34.220175+00	f	https://firebasestorage.googleapis.com/v0/b/evaware-893a5.appspot.com/o/payment_providers%2Fmastercard.png?alt=media&token=e27221d4-d12d-4653-9b73-00dd43227c97&_gl=1*1bqu0uz*_ga*MTUxMjk3ODk4Ni4xNjg0MDU1ODkw*_ga_CW55HF8NVT*MTY4NTQxNTg4Ni4yOS4xLjE2ODU0MTY3NTguMC4wLjA.	Mastercard	Card
3	2023-05-30 02:49:34.220175+00	2023-05-30 02:49:34.220175+00	f	https://firebasestorage.googleapis.com/v0/b/evaware-893a5.appspot.com/o/payment_providers%2Fjcb.png?alt=media&token=63161821-0dd9-4a0a-b7e9-98d21085bd17&_gl=1*1uampi0*_ga*MTUxMjk3ODk4Ni4xNjg0MDU1ODkw*_ga_CW55HF8NVT*MTY4NTQxNTg4Ni4yOS4xLjE2ODU0MTY5NDkuMC4wLjA.	JCB	Card
4	2023-05-30 02:49:34.220175+00	2023-05-30 02:49:34.220175+00	f	https://firebasestorage.googleapis.com/v0/b/evaware-893a5.appspot.com/o/payment_providers%2Famerican_express.png?alt=media&token=89ed60a2-d479-4f58-9b3c-3dbb592b09da&_gl=1*1bt6mtu*_ga*MTUxMjk3ODk4Ni4xNjg0MDU1ODkw*_ga_CW55HF8NVT*MTY4NTQxNTg4Ni4yOS4xLjE2ODU0MTY5OTcuMC4wLjA.	American Express	Card
5	2023-05-30 02:49:34.220175+00	2023-05-30 02:49:34.220175+00	f	https://firebasestorage.googleapis.com/v0/b/evaware-893a5.appspot.com/o/payment_providers%2Fmomo.png?alt=media&token=c5b60b50-81b6-47b1-b887-383e8ade7690&_gl=1*y1rmcs*_ga*MTUxMjk3ODk4Ni4xNjg0MDU1ODkw*_ga_CW55HF8NVT*MTY4NTQxNTg4Ni4yOS4xLjE2ODU0MTcyMTAuMC4wLjA.	Momo	E-Wallet
6	2023-05-30 02:49:34.220175+00	2023-05-30 02:49:34.220175+00	f	https://firebasestorage.googleapis.com/v0/b/evaware-893a5.appspot.com/o/payment_providers%2Fatm.png?alt=media&token=185e3eb1-b48b-4c35-80d6-7a1f016c5d88&_gl=1*ixz4m9*_ga*MTUxMjk3ODk4Ni4xNjg0MDU1ODkw*_ga_CW55HF8NVT*MTY4NTQxNTg4Ni4yOS4xLjE2ODU0MTcyNjQuMC4wLjA.	ATM	Domestic ATM Card
\.


--
-- TOC entry 3619 (class 0 OID 16876)
-- Dependencies: 235
-- Data for Name: api_product; Type: TABLE DATA; Schema: public; Owner: admin
--

COPY public.api_product (id, created_at, updated_at, name, "desc", price, thumbnail, category_id, reviews_count, is_deleted, avg_rating, variations_count, discount, material, depth, height, more_info, weight, width) FROM stdin;
4	2023-05-29 13:27:32.684907+00	2023-05-29 13:34:38.811921+00	Cloth	Lorem Ipsum shiba	1000.00	https://img.freepik.com/free-photo/mid-century-modern-living-room-interior-design-with-monstera-tree_53876-129804.jpg	2	0	t	0.0	0	0		0.00	0.00		0.00	0.00
9	2023-06-12 04:49:21.547124+00	2023-06-12 04:49:21.547142+00	Test	Lorem Ipsum shiba	123.00	https://img.freepik.com/free-photo/mid-century-modern-living-room-interior-design-with-monstera-tree_53876-129804.jpg	6	0	f	0.0	0	0		0.00	0.00		0.00	0.00
5	2023-05-30 07:19:21.448789+00	2023-05-31 08:05:04.922369+00	Cloth	Lorem Ipsum shiba	1000.00	https://img.freepik.com/free-photo/mid-century-modern-living-room-interior-design-with-monstera-tree_53876-129804.jpg	3	0	t	0.0	1	0		0.00	0.00		0.00	0.00
3	2023-05-29 08:35:11.2789+00	2023-05-31 08:05:51.91847+00	Cloth	Lorem Ipsum shiba	1000.00	https://img.freepik.com/free-photo/mid-century-modern-living-room-interior-design-with-monstera-tree_53876-129804.jpg	2	0	t	0.0	0	0		0.00	0.00		0.00	0.00
6	2023-06-09 11:47:39.107532+00	2023-06-09 11:47:39.10755+00	Cloth	Lorem Ipsum shiba	1000.00	https://img.freepik.com/free-photo/mid-century-modern-living-room-interior-design-with-monstera-tree_53876-129804.jpg	3	0	f	0.0	0	0		0.00	0.00		0.00	0.00
7	2023-06-09 11:49:28.946812+00	2023-06-09 11:49:28.946831+00	Cloth	Lorem Ipsum shiba	1000.00	https://img.freepik.com/free-photo/mid-century-modern-living-room-interior-design-with-monstera-tree_53876-129804.jpg	5	0	f	0.0	0	0		0.00	0.00		0.00	0.00
8	2023-06-09 13:58:31.304151+00	2023-06-09 13:58:31.304171+00	Cloth	Lorem Ipsum shiba	1000.00	https://img.freepik.com/free-photo/mid-century-modern-living-room-interior-design-with-monstera-tree_53876-129804.jpg	6	0	f	0.0	0	0		0.00	0.00		0.00	12.50
2	2023-05-29 04:47:28.341943+00	2023-05-30 06:59:58.711997+00	Gorgerous2	Lorem Ipsum shiba	1000.00	https://img.freepik.com/free-photo/mid-century-modern-living-room-interior-design-with-monstera-tree_53876-129804.jpg	2	22	f	3.8	4	0		0.00	0.00		0.00	0.00
12	2023-06-14 18:38:53.411921+00	2023-06-14 18:38:53.411946+00	test1	Hello	123.00	https://d2xnk96i50sp3r.cloudfront.net/uploads/202306141838354101270000	2	0	f	0.0	0	10	123	20.00	20.00	easy	5.00	20.00
10	2023-06-14 18:25:46.96623+00	2023-06-14 18:43:26.32+00	Test		12.00		4	0	t	0.0	0	0		0.00	0.00		0.00	0.00
11	2023-06-14 18:37:42.840251+00	2023-06-14 18:43:29.094464+00	Test	abc	123.00		2	0	t	0.0	0	10	Wood	20.00	20.00	Easy to use	5.00	20.00
13	2023-06-14 18:40:11.636875+00	2023-06-14 19:23:15.489955+00	1	123	12.00	https://d2xnk96i50sp3r.cloudfront.net/uploads/202306141839576707140000	2	0	f	0.0	4	4	12	12.00	12.00	123	4.00	12.00
\.


--
-- TOC entry 3628 (class 0 OID 16981)
-- Dependencies: 244
-- Data for Name: api_review; Type: TABLE DATA; Schema: public; Owner: admin
--

COPY public.api_review (id, created_at, updated_at, content, rating, created_by_id, variation_id, product_id, img_urls) FROM stdin;
4	2023-05-29 15:18:59.967766+00	2023-05-29 15:18:59.967785+00		5	1	1	2	{}
5	2023-05-29 15:19:12.284278+00	2023-05-29 15:19:12.284298+00		5	1	1	2	{}
6	2023-05-29 15:20:06.953812+00	2023-05-29 15:20:06.953841+00		5	1	1	2	{}
8	2023-05-29 15:21:43.914613+00	2023-05-29 15:21:43.914649+00		5	1	1	2	{}
11	2023-05-31 02:11:26.288753+00	2023-05-31 02:11:26.288772+00		5	3	1	2	{}
12	2023-05-31 02:16:25.883885+00	2023-05-31 02:16:25.883907+00	hey there	5	3	1	2	{}
13	2023-06-01 14:35:35.468256+00	2023-06-01 14:35:35.468297+00	hey there	5	1	1	2	{}
14	2023-06-11 04:06:59.028185+00	2023-06-11 04:06:59.028201+00	Hello world	4	3	1	2	{https://d2xnk96i50sp3r.cloudfront.net/uploads/202306110406542520890000}
15	2023-06-11 04:12:13.579368+00	2023-06-11 04:12:13.579385+00	Hello	4	3	1	2	{}
16	2023-06-11 04:13:26.750619+00	2023-06-11 04:13:26.750634+00	Hello	4	3	1	2	{}
17	2023-06-11 04:18:14.240565+00	2023-06-11 04:18:14.240596+00	momo	1	3	1	2	{}
18	2023-06-11 04:19:52.301374+00	2023-06-11 04:19:52.301405+00	Hello	3	3	1	2	{}
19	2023-06-11 04:20:27.270518+00	2023-06-11 04:20:27.270543+00	Mecs	5	3	1	2	{}
20	2023-06-11 04:20:48.43718+00	2023-06-11 04:20:48.437215+00	comment 13	5	3	1	2	{}
21	2023-06-11 04:23:33.213006+00	2023-06-11 04:23:33.21303+00	comment15	5	3	1	2	{}
24	2023-06-11 07:11:49.436773+00	2023-06-11 07:16:56.923601+00	Edited review	5	3	7	2	{https://d2xnk96i50sp3r.cloudfront.net/uploads/202306110716434391940000,https://d2xnk96i50sp3r.cloudfront.net/uploads/202306110716519885490000}
25	2023-06-14 14:30:00.036289+00	2023-06-14 14:30:00.036305+00	Wow	5	3	1	2	{}
26	2023-06-14 14:30:26.122221+00	2023-06-14 14:30:26.122246+00	bad	1	3	5	2	{}
27	2023-06-14 14:30:42.668553+00	2023-06-14 14:30:42.66859+00	12	1	3	1	2	{}
28	2023-06-14 14:32:15.430426+00	2023-06-14 14:32:15.430456+00	12	2	3	1	2	{}
29	2023-06-14 14:33:57.697129+00	2023-06-14 14:33:57.697153+00	super bad	1	3	1	2	{}
32	2023-06-14 14:40:58.503267+00	2023-06-14 14:40:58.503299+00	mid	3	3	1	2	{}
\.


--
-- TOC entry 3642 (class 0 OID 17149)
-- Dependencies: 258
-- Data for Name: api_usedvoucher; Type: TABLE DATA; Schema: public; Owner: admin
--

COPY public.api_usedvoucher (id, created_at, updated_at, user_id, voucher_id) FROM stdin;
\.


--
-- TOC entry 3624 (class 0 OID 16907)
-- Dependencies: 240
-- Data for Name: api_variation; Type: TABLE DATA; Schema: public; Owner: admin
--

COPY public.api_variation (id, created_at, updated_at, inventory, name, img_urls, product_id, is_deleted) FROM stdin;
6	2023-05-30 07:24:29.033205+00	2023-05-30 08:38:37.345162+00	0	Hong huong hoa	{https://images.unsplash.com/photo-1575936123452-b67c3203c357?ixlib=rb-4.0.3&ixid=M3wxMjA3fDB8MHxzZWFyY2h8Mnx8aW1hZ2V8ZW58MHx8MHx8fDA%3D&w=1000&q=80,https://upload.wikimedia.org/wikipedia/commons/b/b6/Image_created_with_a_mobile_phone.png}	5	f
5	2023-05-30 07:17:22.606133+00	2023-06-14 11:21:20.215837+00	22	Hong huong hoa	{https://images.unsplash.com/photo-1575936123452-b67c3203c357?ixlib=rb-4.0.3&ixid=M3wxMjA3fDB8MHxzZWFyY2h8Mnx8aW1hZ2V8ZW58MHx8MHx8fDA%3D&w=1000&q=80,https://upload.wikimedia.org/wikipedia/commons/b/b6/Image_created_with_a_mobile_phone.png}	2	f
7	2023-06-10 04:54:46.114596+00	2023-06-10 04:54:46.114618+00	20	Hong huong hoa	{https://images.unsplash.com/photo-1575936123452-b67c3203c357?ixlib=rb-4.0.3&ixid=M3wxMjA3fDB8MHxzZWFyY2h8Mnx8aW1hZ2V8ZW58MHx8MHx8fDA%3D&w=1000&q=80}	2	f
8	2023-06-14 19:41:32.57804+00	2023-06-14 19:56:04.985238+00	126	Sofa	{https://d2xnk96i50sp3r.cloudfront.net/uploads/202306141941279826430000}	8	f
3	2023-05-29 13:25:36.266907+00	2023-06-12 23:31:46.356432+00	0	Den lap lanh	{https://images.unsplash.com/photo-1575936123452-b67c3203c357?ixlib=rb-4.0.3&ixid=M3wxMjA3fDB8MHxzZWFyY2h8Mnx8aW1hZ2V8ZW58MHx8MHx8fDA%3D&w=1000&q=80,https://upload.wikimedia.org/wikipedia/commons/b/b6/Image_created_with_a_mobile_phone.png}	2	f
9	2023-06-14 19:59:14.395635+00	2023-06-14 20:00:40.207868+00	222	1235	{https://d2xnk96i50sp3r.cloudfront.net/uploads/202306141959117024740000}	13	f
10	2023-06-14 20:08:09.254859+00	2023-06-14 20:08:09.254892+00	20	12351	{https://d2xnk96i50sp3r.cloudfront.net/uploads/202306141959117024740000}	13	f
12	2023-06-14 20:10:46.497535+00	2023-06-14 20:14:29.693654+00	5	Test	{https://d2xnk96i50sp3r.cloudfront.net/uploads/202306142010436908560000}	13	t
11	2023-06-14 20:08:51.032039+00	2023-06-14 20:16:13.012275+00	15	2	{https://d2xnk96i50sp3r.cloudfront.net/uploads/202306142008475584250000}	13	t
1	2023-05-29 08:25:23.159252+00	2023-06-14 21:21:59.530536+00	21	Den huyen bi	{https://images.unsplash.com/photo-1575936123452-b67c3203c357?ixlib=rb-4.0.3&ixid=M3wxMjA3fDB8MHxzZWFyY2h8Mnx8aW1hZ2V8ZW58MHx8MHx8fDA%3D&w=1000&q=80,https://upload.wikimedia.org/wikipedia/commons/b/b6/Image_created_with_a_mobile_phone.png}	2	f
\.


--
-- TOC entry 3640 (class 0 OID 17121)
-- Dependencies: 256
-- Data for Name: api_voucher; Type: TABLE DATA; Schema: public; Owner: admin
--

COPY public.api_voucher (id, created_at, updated_at, is_deleted, discount, from_date, to_date, code, inventory) FROM stdin;
2	2023-05-30 09:43:35.21975+00	2023-05-30 09:43:35.219767+00	f	50	2023-05-30	2023-05-31	EVAW2022	0
1	2023-05-30 09:42:58.503111+00	2023-05-30 09:44:31.838459+00	t	20	2023-05-30	2023-05-31	EVAW2023	0
3	2023-05-30 11:03:41.308663+00	2023-05-30 11:05:58.656504+00	f	10	2023-05-28	2023-05-30	EVAW2021	0
\.


--
-- TOC entry 3605 (class 0 OID 16758)
-- Dependencies: 221
-- Data for Name: auth_group; Type: TABLE DATA; Schema: public; Owner: admin
--

COPY public.auth_group (id, name) FROM stdin;
\.


--
-- TOC entry 3607 (class 0 OID 16766)
-- Dependencies: 223
-- Data for Name: auth_group_permissions; Type: TABLE DATA; Schema: public; Owner: admin
--

COPY public.auth_group_permissions (id, group_id, permission_id) FROM stdin;
\.


--
-- TOC entry 3603 (class 0 OID 16752)
-- Dependencies: 219
-- Data for Name: auth_permission; Type: TABLE DATA; Schema: public; Owner: admin
--

COPY public.auth_permission (id, name, content_type_id, codename) FROM stdin;
1	Can add log entry	1	add_logentry
2	Can change log entry	1	change_logentry
3	Can delete log entry	1	delete_logentry
4	Can view log entry	1	view_logentry
5	Can add permission	2	add_permission
6	Can change permission	2	change_permission
7	Can delete permission	2	delete_permission
8	Can view permission	2	view_permission
9	Can add group	3	add_group
10	Can change group	3	change_group
11	Can delete group	3	delete_group
12	Can view group	3	view_group
13	Can add content type	4	add_contenttype
14	Can change content type	4	change_contenttype
15	Can delete content type	4	delete_contenttype
16	Can view content type	4	view_contenttype
17	Can add session	5	add_session
18	Can change session	5	change_session
19	Can delete session	5	delete_session
20	Can view session	5	view_session
21	Can add user	6	add_user
22	Can change user	6	change_user
23	Can delete user	6	delete_user
24	Can view user	6	view_user
25	Can add category	7	add_category
26	Can change category	7	change_category
27	Can delete category	7	delete_category
28	Can view category	7	view_category
29	Can add product	8	add_product
30	Can change product	8	change_product
31	Can delete product	8	delete_product
32	Can view product	8	view_product
33	Can add order	9	add_order
34	Can change order	9	change_order
35	Can delete order	9	delete_order
36	Can view order	9	view_order
37	Can add variation	10	add_variation
38	Can change variation	10	change_variation
39	Can delete variation	10	delete_variation
40	Can view variation	10	view_variation
41	Can add order detail	11	add_orderdetail
42	Can change order detail	11	change_orderdetail
43	Can delete order detail	11	delete_orderdetail
44	Can view order detail	11	view_orderdetail
45	Can add review	12	add_review
46	Can change review	12	change_review
47	Can delete review	12	delete_review
48	Can view review	12	view_review
49	Can add address	13	add_address
50	Can change address	13	change_address
51	Can delete address	13	delete_address
52	Can view address	13	view_address
53	Can add payment provider	14	add_paymentprovider
54	Can change payment provider	14	change_paymentprovider
55	Can delete payment provider	14	delete_paymentprovider
56	Can view payment provider	14	view_paymentprovider
57	Can add payment	15	add_payment
58	Can change payment	15	change_payment
59	Can delete payment	15	delete_payment
60	Can view payment	15	view_payment
61	Can add cart item	16	add_cartitem
62	Can change cart item	16	change_cartitem
63	Can delete cart item	16	delete_cartitem
64	Can view cart item	16	view_cartitem
65	Can add favorite item	17	add_favoriteitem
66	Can change favorite item	17	change_favoriteitem
67	Can delete favorite item	17	delete_favoriteitem
68	Can view favorite item	17	view_favoriteitem
69	Can add voucher	18	add_voucher
70	Can change voucher	18	change_voucher
71	Can delete voucher	18	delete_voucher
72	Can view voucher	18	view_voucher
73	Can add used voucher	19	add_usedvoucher
74	Can change used voucher	19	change_usedvoucher
75	Can delete used voucher	19	delete_usedvoucher
76	Can view used voucher	19	view_usedvoucher
\.


--
-- TOC entry 3609 (class 0 OID 16798)
-- Dependencies: 225
-- Data for Name: authentication_user; Type: TABLE DATA; Schema: public; Owner: admin
--

COPY public.authentication_user (id, password, last_login, is_superuser, created_at, updated_at, email, is_staff, is_active, date_joined, email_verified, dob, full_name, gender, phone, avatar) FROM stdin;
2	pbkdf2_sha256$600000$LiPxt2OmFDHPclApw7bYde$tcAGwWMTQ2oLgbOHpIix6VPfmxKSYnK2wroZ03xEyJk=	\N	t	2023-05-29 04:58:24.449024+00	2023-05-29 04:58:24.449037+00	admin@gmail.com	t	t	2023-05-29 04:58:24.21034+00	f	\N	\N	Male	\N	
3	pbkdf2_sha256$600000$cQX3QTYBCTIXXzh8Yd7WqN$2gj/cH+D00Wr4I5zI58qwNK8KbPlZDhiPOtovd0CU1M=	\N	f	2023-05-29 11:50:07.643955+00	2023-06-14 23:06:03.513169+00	test1@gmail.com	f	t	2023-05-29 11:50:07.456851+00	f	2002-02-12	Gwen Stacy	Male	0123456789	https://d2xnk96i50sp3r.cloudfront.net/uploads/202306121457096848210000
1	pbkdf2_sha256$600000$CiOBK4BBb8vtOnLABsVNF3$MmBP+dftAoHs/Sjaov9koswGz4WQWagr4HJqXVUZQzA=	\N	f	2023-05-29 04:10:25.914239+00	2023-06-14 23:06:06.80458+00	test@gmail.com	t	t	2023-05-29 04:10:25.684867+00	f	2002-04-18	Tuan	Male	000011112222	https://d2xnk96i50sp3r.cloudfront.net/uploads/202306142225075961090000
4	pbkdf2_sha256$600000$zmLwnIBUYDeEUrspQyeAQH$zHYNQ1lCjjt6yG7KrmZpRovOyT2eyeo7iNlnavGa2sc=	\N	f	2023-06-09 09:13:36.873493+00	2023-06-09 09:13:36.873508+00	test2@gmail.com	f	t	2023-06-09 09:13:36.685243+00	f	\N	\N	Male	\N	
5	pbkdf2_sha256$600000$7Cl7n8gRt87Vr2nJ3g8Mex$Mz+U6mRrQDYRT31K88nsMwdOZBpL68Yb/jLDFM4bMxQ=	\N	f	2023-06-09 09:18:12.595134+00	2023-06-09 09:18:12.595148+00	test3@gmail.com	f	t	2023-06-09 09:18:12.356871+00	f	\N	\N	Male	\N	
6	pbkdf2_sha256$600000$1TCi3BkvnXvs0pjZtgR4G2$pOORDqs4XtRjPvr86Bma5WJHrtkAi2nbRz5wMQ07jcw=	\N	f	2023-06-09 09:18:21.480702+00	2023-06-09 09:18:21.480712+00	test4@gmail.com	f	t	2023-06-09 09:18:21.248377+00	f	\N	\N	Male	\N	
7	pbkdf2_sha256$600000$Ej2LuR07u2YeRcbvcVwO91$RiaWzRy7BXdLn9PzsLii90BnE8kBBq9zKschfdXHxUg=	\N	f	2023-06-09 09:18:52.291802+00	2023-06-09 09:18:52.291813+00	test5@gmail.com	f	t	2023-06-09 09:18:52.108057+00	f	\N	\N	Male	\N	
8	pbkdf2_sha256$600000$HezJ6FJKXEUNT0O9Z1DgUh$2nDyaUqozVunkDq3uX7jced+BEIZ/eVZy/iuk6ge8i0=	\N	f	2023-06-09 09:20:01.725758+00	2023-06-09 09:20:01.72577+00	test6@gmail.com	f	t	2023-06-09 09:20:01.494269+00	f	\N	\N	Male	\N	
9	pbkdf2_sha256$600000$ohnu0Y1fjU5RYVhxdyvgze$8oLFjKqxI1DrsYc1zLbZekLUUzwseU5DFJdreGDR6vI=	\N	f	2023-06-09 09:20:37.858549+00	2023-06-09 09:20:37.858562+00	test7@gmail.com	f	t	2023-06-09 09:20:37.675393+00	f	\N	\N	Male	\N	
\.


--
-- TOC entry 3611 (class 0 OID 16806)
-- Dependencies: 227
-- Data for Name: authentication_user_groups; Type: TABLE DATA; Schema: public; Owner: admin
--

COPY public.authentication_user_groups (id, user_id, group_id) FROM stdin;
\.


--
-- TOC entry 3613 (class 0 OID 16812)
-- Dependencies: 229
-- Data for Name: authentication_user_user_permissions; Type: TABLE DATA; Schema: public; Owner: admin
--

COPY public.authentication_user_user_permissions (id, user_id, permission_id) FROM stdin;
\.


--
-- TOC entry 3615 (class 0 OID 16847)
-- Dependencies: 231
-- Data for Name: django_admin_log; Type: TABLE DATA; Schema: public; Owner: admin
--

COPY public.django_admin_log (id, action_time, object_id, object_repr, action_flag, change_message, content_type_id, user_id) FROM stdin;
\.


--
-- TOC entry 3601 (class 0 OID 16744)
-- Dependencies: 217
-- Data for Name: django_content_type; Type: TABLE DATA; Schema: public; Owner: admin
--

COPY public.django_content_type (id, app_label, model) FROM stdin;
1	admin	logentry
2	auth	permission
3	auth	group
4	contenttypes	contenttype
5	sessions	session
6	authentication	user
7	api	category
8	api	product
9	api	order
10	api	variation
11	api	orderdetail
12	api	review
13	api	address
14	api	paymentprovider
15	api	payment
16	api	cartitem
17	api	favoriteitem
18	api	voucher
19	api	usedvoucher
\.


--
-- TOC entry 3599 (class 0 OID 16736)
-- Dependencies: 215
-- Data for Name: django_migrations; Type: TABLE DATA; Schema: public; Owner: admin
--

COPY public.django_migrations (id, app, name, applied) FROM stdin;
1	contenttypes	0001_initial	2023-05-29 04:10:00.392432+00
2	contenttypes	0002_remove_content_type_name	2023-05-29 04:10:00.401996+00
3	auth	0001_initial	2023-05-29 04:10:00.448123+00
4	auth	0002_alter_permission_name_max_length	2023-05-29 04:10:00.456238+00
5	auth	0003_alter_user_email_max_length	2023-05-29 04:10:00.46541+00
6	auth	0004_alter_user_username_opts	2023-05-29 04:10:00.475051+00
7	auth	0005_alter_user_last_login_null	2023-05-29 04:10:00.483929+00
8	auth	0006_require_contenttypes_0002	2023-05-29 04:10:00.487606+00
9	auth	0007_alter_validators_add_error_messages	2023-05-29 04:10:00.49278+00
10	auth	0008_alter_user_username_max_length	2023-05-29 04:10:00.497586+00
11	auth	0009_alter_user_last_name_max_length	2023-05-29 04:10:00.503322+00
12	auth	0010_alter_group_name_max_length	2023-05-29 04:10:00.508361+00
13	auth	0011_update_proxy_permissions	2023-05-29 04:10:00.513738+00
14	auth	0012_alter_user_first_name_max_length	2023-05-29 04:10:00.51856+00
15	authentication	0001_initial	2023-05-29 04:10:00.566997+00
16	admin	0001_initial	2023-05-29 04:10:00.594849+00
17	admin	0002_logentry_remove_auto_add	2023-05-29 04:10:00.601532+00
18	admin	0003_logentry_add_action_flag_choices	2023-05-29 04:10:00.608464+00
19	api	0001_initial	2023-05-29 04:10:00.632021+00
20	authentication	0002_alter_user_email	2023-05-29 04:10:00.638577+00
21	sessions	0001_initial	2023-05-29 04:10:00.650376+00
22	api	0002_alter_category_desc	2023-05-29 04:22:40.823198+00
23	api	0003_alter_product_desc	2023-05-29 04:25:18.431801+00
24	api	0004_order_variation_orderdetail	2023-05-29 07:53:33.745825+00
25	api	0005_alter_variation_product	2023-05-29 08:31:15.146329+00
26	api	0006_alter_orderdetail_order_remove_orderdetail_product_and_more	2023-05-29 11:44:31.564911+00
27	api	0007_product_reviews_count_alter_orderdetail_product	2023-05-29 12:26:07.460479+00
28	api	0008_review	2023-05-29 12:46:25.493302+00
29	api	0009_alter_category_options_alter_order_options_and_more	2023-05-29 13:27:17.791996+00
30	api	0010_variation_is_deleted	2023-05-29 13:45:00.885448+00
31	api	0011_product_avg_rating	2023-05-29 13:55:58.951925+00
32	api	0012_review_product	2023-05-29 14:22:39.675241+00
33	api	0013_alter_orderdetail_order	2023-05-29 15:52:59.048126+00
34	authentication	0003_user_dob_user_full_name_user_gender_user_phone	2023-05-29 15:52:59.075359+00
35	api	0014_alter_order_created_by	2023-05-29 15:57:29.570751+00
36	api	0015_alter_order_created_by_alter_review_created_by	2023-05-29 16:05:23.705462+00
37	api	0016_order_email_address	2023-05-30 02:44:21.180327+00
38	api	0017_paymentprovider_payment	2023-05-30 03:10:30.941235+00
39	api	0018_payment_created_by	2023-05-30 03:38:24.296059+00
40	api	0019_remove_payment_method	2023-05-30 03:40:46.629616+00
41	api	0020_alter_payment_created_by_cartitem	2023-05-30 04:52:04.390215+00
42	api	0021_alter_cartitem_qty	2023-05-30 04:54:48.466638+00
43	api	0022_favoriteitem	2023-05-30 05:25:33.854289+00
44	api	0023_category_is_deleted	2023-05-30 05:40:57.027427+00
45	authentication	0004_user_avatar	2023-05-30 06:43:47.449183+00
46	api	0024_product_variations_count	2023-05-30 07:05:59.415217+00
47	api	0025_product_discount_alter_order_district_and_more	2023-05-30 08:28:46.852578+00
48	api	0026_voucher_order_shipping_date_order_voucher	2023-05-30 08:57:40.380199+00
49	api	0027_voucher_code	2023-05-30 09:09:19.675998+00
50	api	0028_alter_voucher_code	2023-05-30 09:57:58.927176+00
51	api	0029_alter_category_img_url_alter_payment_exp_and_more	2023-05-31 09:10:04.179564+00
52	api	0030_usedvoucher	2023-05-31 09:10:04.208786+00
53	api	0031_remove_favoriteitem_variation	2023-06-09 11:41:51.252719+00
54	api	0032_review_img_urls	2023-06-11 00:40:46.961786+00
55	api	0033_alter_review_img_urls	2023-06-11 04:10:41.580202+00
56	api	0034_alter_review_img_urls	2023-06-11 04:12:05.092289+00
57	api	0035_payment_number	2023-06-14 00:30:15.267151+00
58	api	0036_payment_cvc_alter_payment_number	2023-06-14 03:04:44.45657+00
59	api	0037_alter_order_total_alter_orderdetail_price_and_more	2023-06-14 04:21:10.765516+00
60	api	0038_product_composition_product_depth_product_height_and_more	2023-06-14 07:50:31.691746+00
61	api	0039_rename_composition_product_material	2023-06-14 08:13:47.031887+00
62	api	0040_voucher_inventory	2023-06-14 12:03:05.576993+00
63	api	0041_alter_product_avg_rating	2023-06-14 14:41:42.446242+00
\.


--
-- TOC entry 3620 (class 0 OID 16889)
-- Dependencies: 236
-- Data for Name: django_session; Type: TABLE DATA; Schema: public; Owner: admin
--

COPY public.django_session (session_key, session_data, expire_date) FROM stdin;
\.


--
-- TOC entry 3649 (class 0 OID 0)
-- Dependencies: 245
-- Name: api_address_id_seq; Type: SEQUENCE SET; Schema: public; Owner: admin
--

SELECT pg_catalog.setval('public.api_address_id_seq', 5, true);


--
-- TOC entry 3650 (class 0 OID 0)
-- Dependencies: 251
-- Name: api_cartitem_id_seq; Type: SEQUENCE SET; Schema: public; Owner: admin
--

SELECT pg_catalog.setval('public.api_cartitem_id_seq', 33, true);


--
-- TOC entry 3651 (class 0 OID 0)
-- Dependencies: 232
-- Name: api_category_id_seq; Type: SEQUENCE SET; Schema: public; Owner: admin
--

SELECT pg_catalog.setval('public.api_category_id_seq', 6, true);


--
-- TOC entry 3652 (class 0 OID 0)
-- Dependencies: 253
-- Name: api_favoriteitem_id_seq; Type: SEQUENCE SET; Schema: public; Owner: admin
--

SELECT pg_catalog.setval('public.api_favoriteitem_id_seq', 22, true);


--
-- TOC entry 3653 (class 0 OID 0)
-- Dependencies: 237
-- Name: api_order_id_seq; Type: SEQUENCE SET; Schema: public; Owner: admin
--

SELECT pg_catalog.setval('public.api_order_id_seq', 93, true);


--
-- TOC entry 3654 (class 0 OID 0)
-- Dependencies: 241
-- Name: api_orderdetail_id_seq; Type: SEQUENCE SET; Schema: public; Owner: admin
--

SELECT pg_catalog.setval('public.api_orderdetail_id_seq', 83, true);


--
-- TOC entry 3655 (class 0 OID 0)
-- Dependencies: 249
-- Name: api_payment_id_seq; Type: SEQUENCE SET; Schema: public; Owner: admin
--

SELECT pg_catalog.setval('public.api_payment_id_seq', 7, true);


--
-- TOC entry 3656 (class 0 OID 0)
-- Dependencies: 247
-- Name: api_paymentprovider_id_seq; Type: SEQUENCE SET; Schema: public; Owner: admin
--

SELECT pg_catalog.setval('public.api_paymentprovider_id_seq', 6, true);


--
-- TOC entry 3657 (class 0 OID 0)
-- Dependencies: 234
-- Name: api_product_id_seq; Type: SEQUENCE SET; Schema: public; Owner: admin
--

SELECT pg_catalog.setval('public.api_product_id_seq', 13, true);


--
-- TOC entry 3658 (class 0 OID 0)
-- Dependencies: 243
-- Name: api_review_id_seq; Type: SEQUENCE SET; Schema: public; Owner: admin
--

SELECT pg_catalog.setval('public.api_review_id_seq', 32, true);


--
-- TOC entry 3659 (class 0 OID 0)
-- Dependencies: 257
-- Name: api_usedvoucher_id_seq; Type: SEQUENCE SET; Schema: public; Owner: admin
--

SELECT pg_catalog.setval('public.api_usedvoucher_id_seq', 8, true);


--
-- TOC entry 3660 (class 0 OID 0)
-- Dependencies: 239
-- Name: api_variation_id_seq; Type: SEQUENCE SET; Schema: public; Owner: admin
--

SELECT pg_catalog.setval('public.api_variation_id_seq', 12, true);


--
-- TOC entry 3661 (class 0 OID 0)
-- Dependencies: 255
-- Name: api_voucher_id_seq; Type: SEQUENCE SET; Schema: public; Owner: admin
--

SELECT pg_catalog.setval('public.api_voucher_id_seq', 3, true);


--
-- TOC entry 3662 (class 0 OID 0)
-- Dependencies: 220
-- Name: auth_group_id_seq; Type: SEQUENCE SET; Schema: public; Owner: admin
--

SELECT pg_catalog.setval('public.auth_group_id_seq', 1, false);


--
-- TOC entry 3663 (class 0 OID 0)
-- Dependencies: 222
-- Name: auth_group_permissions_id_seq; Type: SEQUENCE SET; Schema: public; Owner: admin
--

SELECT pg_catalog.setval('public.auth_group_permissions_id_seq', 1, false);


--
-- TOC entry 3664 (class 0 OID 0)
-- Dependencies: 218
-- Name: auth_permission_id_seq; Type: SEQUENCE SET; Schema: public; Owner: admin
--

SELECT pg_catalog.setval('public.auth_permission_id_seq', 76, true);


--
-- TOC entry 3665 (class 0 OID 0)
-- Dependencies: 226
-- Name: authentication_user_groups_id_seq; Type: SEQUENCE SET; Schema: public; Owner: admin
--

SELECT pg_catalog.setval('public.authentication_user_groups_id_seq', 1, false);


--
-- TOC entry 3666 (class 0 OID 0)
-- Dependencies: 224
-- Name: authentication_user_id_seq; Type: SEQUENCE SET; Schema: public; Owner: admin
--

SELECT pg_catalog.setval('public.authentication_user_id_seq', 9, true);


--
-- TOC entry 3667 (class 0 OID 0)
-- Dependencies: 228
-- Name: authentication_user_user_permissions_id_seq; Type: SEQUENCE SET; Schema: public; Owner: admin
--

SELECT pg_catalog.setval('public.authentication_user_user_permissions_id_seq', 1, false);


--
-- TOC entry 3668 (class 0 OID 0)
-- Dependencies: 230
-- Name: django_admin_log_id_seq; Type: SEQUENCE SET; Schema: public; Owner: admin
--

SELECT pg_catalog.setval('public.django_admin_log_id_seq', 1, false);


--
-- TOC entry 3669 (class 0 OID 0)
-- Dependencies: 216
-- Name: django_content_type_id_seq; Type: SEQUENCE SET; Schema: public; Owner: admin
--

SELECT pg_catalog.setval('public.django_content_type_id_seq', 19, true);


--
-- TOC entry 3670 (class 0 OID 0)
-- Dependencies: 214
-- Name: django_migrations_id_seq; Type: SEQUENCE SET; Schema: public; Owner: admin
--

SELECT pg_catalog.setval('public.django_migrations_id_seq', 63, true);


--
-- TOC entry 3400 (class 2606 OID 17032)
-- Name: api_address api_address_pkey; Type: CONSTRAINT; Schema: public; Owner: admin
--

ALTER TABLE ONLY public.api_address
    ADD CONSTRAINT api_address_pkey PRIMARY KEY (id);


--
-- TOC entry 3409 (class 2606 OID 17071)
-- Name: api_cartitem api_cartitem_pkey; Type: CONSTRAINT; Schema: public; Owner: admin
--

ALTER TABLE ONLY public.api_cartitem
    ADD CONSTRAINT api_cartitem_pkey PRIMARY KEY (id);


--
-- TOC entry 3373 (class 2606 OID 16874)
-- Name: api_category api_category_pkey; Type: CONSTRAINT; Schema: public; Owner: admin
--

ALTER TABLE ONLY public.api_category
    ADD CONSTRAINT api_category_pkey PRIMARY KEY (id);


--
-- TOC entry 3414 (class 2606 OID 17095)
-- Name: api_favoriteitem api_favoriteitem_pkey; Type: CONSTRAINT; Schema: public; Owner: admin
--

ALTER TABLE ONLY public.api_favoriteitem
    ADD CONSTRAINT api_favoriteitem_pkey PRIMARY KEY (id);


--
-- TOC entry 3383 (class 2606 OID 16905)
-- Name: api_order api_order_pkey; Type: CONSTRAINT; Schema: public; Owner: admin
--

ALTER TABLE ONLY public.api_order
    ADD CONSTRAINT api_order_pkey PRIMARY KEY (id);


--
-- TOC entry 3390 (class 2606 OID 16919)
-- Name: api_orderdetail api_orderdetail_pkey; Type: CONSTRAINT; Schema: public; Owner: admin
--

ALTER TABLE ONLY public.api_orderdetail
    ADD CONSTRAINT api_orderdetail_pkey PRIMARY KEY (id);


--
-- TOC entry 3405 (class 2606 OID 17052)
-- Name: api_payment api_payment_pkey; Type: CONSTRAINT; Schema: public; Owner: admin
--

ALTER TABLE ONLY public.api_payment
    ADD CONSTRAINT api_payment_pkey PRIMARY KEY (id);


--
-- TOC entry 3402 (class 2606 OID 17046)
-- Name: api_paymentprovider api_paymentprovider_pkey; Type: CONSTRAINT; Schema: public; Owner: admin
--

ALTER TABLE ONLY public.api_paymentprovider
    ADD CONSTRAINT api_paymentprovider_pkey PRIMARY KEY (id);


--
-- TOC entry 3376 (class 2606 OID 16882)
-- Name: api_product api_product_pkey; Type: CONSTRAINT; Schema: public; Owner: admin
--

ALTER TABLE ONLY public.api_product
    ADD CONSTRAINT api_product_pkey PRIMARY KEY (id);


--
-- TOC entry 3395 (class 2606 OID 16987)
-- Name: api_review api_review_pkey; Type: CONSTRAINT; Schema: public; Owner: admin
--

ALTER TABLE ONLY public.api_review
    ADD CONSTRAINT api_review_pkey PRIMARY KEY (id);


--
-- TOC entry 3422 (class 2606 OID 17153)
-- Name: api_usedvoucher api_usedvoucher_pkey; Type: CONSTRAINT; Schema: public; Owner: admin
--

ALTER TABLE ONLY public.api_usedvoucher
    ADD CONSTRAINT api_usedvoucher_pkey PRIMARY KEY (id);


--
-- TOC entry 3386 (class 2606 OID 16913)
-- Name: api_variation api_variation_pkey; Type: CONSTRAINT; Schema: public; Owner: admin
--

ALTER TABLE ONLY public.api_variation
    ADD CONSTRAINT api_variation_pkey PRIMARY KEY (id);


--
-- TOC entry 3418 (class 2606 OID 17134)
-- Name: api_voucher api_voucher_code_cd873620_uniq; Type: CONSTRAINT; Schema: public; Owner: admin
--

ALTER TABLE ONLY public.api_voucher
    ADD CONSTRAINT api_voucher_code_cd873620_uniq UNIQUE (code);


--
-- TOC entry 3420 (class 2606 OID 17125)
-- Name: api_voucher api_voucher_pkey; Type: CONSTRAINT; Schema: public; Owner: admin
--

ALTER TABLE ONLY public.api_voucher
    ADD CONSTRAINT api_voucher_pkey PRIMARY KEY (id);


--
-- TOC entry 3342 (class 2606 OID 16795)
-- Name: auth_group auth_group_name_key; Type: CONSTRAINT; Schema: public; Owner: admin
--

ALTER TABLE ONLY public.auth_group
    ADD CONSTRAINT auth_group_name_key UNIQUE (name);


--
-- TOC entry 3347 (class 2606 OID 16781)
-- Name: auth_group_permissions auth_group_permissions_group_id_permission_id_0cd325b0_uniq; Type: CONSTRAINT; Schema: public; Owner: admin
--

ALTER TABLE ONLY public.auth_group_permissions
    ADD CONSTRAINT auth_group_permissions_group_id_permission_id_0cd325b0_uniq UNIQUE (group_id, permission_id);


--
-- TOC entry 3350 (class 2606 OID 16770)
-- Name: auth_group_permissions auth_group_permissions_pkey; Type: CONSTRAINT; Schema: public; Owner: admin
--

ALTER TABLE ONLY public.auth_group_permissions
    ADD CONSTRAINT auth_group_permissions_pkey PRIMARY KEY (id);


--
-- TOC entry 3344 (class 2606 OID 16762)
-- Name: auth_group auth_group_pkey; Type: CONSTRAINT; Schema: public; Owner: admin
--

ALTER TABLE ONLY public.auth_group
    ADD CONSTRAINT auth_group_pkey PRIMARY KEY (id);


--
-- TOC entry 3337 (class 2606 OID 16772)
-- Name: auth_permission auth_permission_content_type_id_codename_01ab375a_uniq; Type: CONSTRAINT; Schema: public; Owner: admin
--

ALTER TABLE ONLY public.auth_permission
    ADD CONSTRAINT auth_permission_content_type_id_codename_01ab375a_uniq UNIQUE (content_type_id, codename);


--
-- TOC entry 3339 (class 2606 OID 16756)
-- Name: auth_permission auth_permission_pkey; Type: CONSTRAINT; Schema: public; Owner: admin
--

ALTER TABLE ONLY public.auth_permission
    ADD CONSTRAINT auth_permission_pkey PRIMARY KEY (id);


--
-- TOC entry 3353 (class 2606 OID 16804)
-- Name: authentication_user authentication_user_email_key; Type: CONSTRAINT; Schema: public; Owner: admin
--

ALTER TABLE ONLY public.authentication_user
    ADD CONSTRAINT authentication_user_email_key UNIQUE (email);


--
-- TOC entry 3358 (class 2606 OID 16810)
-- Name: authentication_user_groups authentication_user_groups_pkey; Type: CONSTRAINT; Schema: public; Owner: admin
--

ALTER TABLE ONLY public.authentication_user_groups
    ADD CONSTRAINT authentication_user_groups_pkey PRIMARY KEY (id);


--
-- TOC entry 3361 (class 2606 OID 16819)
-- Name: authentication_user_groups authentication_user_groups_user_id_group_id_8af031ac_uniq; Type: CONSTRAINT; Schema: public; Owner: admin
--

ALTER TABLE ONLY public.authentication_user_groups
    ADD CONSTRAINT authentication_user_groups_user_id_group_id_8af031ac_uniq UNIQUE (user_id, group_id);


--
-- TOC entry 3355 (class 2606 OID 16802)
-- Name: authentication_user authentication_user_pkey; Type: CONSTRAINT; Schema: public; Owner: admin
--

ALTER TABLE ONLY public.authentication_user
    ADD CONSTRAINT authentication_user_pkey PRIMARY KEY (id);


--
-- TOC entry 3364 (class 2606 OID 16816)
-- Name: authentication_user_user_permissions authentication_user_user_permissions_pkey; Type: CONSTRAINT; Schema: public; Owner: admin
--

ALTER TABLE ONLY public.authentication_user_user_permissions
    ADD CONSTRAINT authentication_user_user_permissions_pkey PRIMARY KEY (id);


--
-- TOC entry 3367 (class 2606 OID 16833)
-- Name: authentication_user_user_permissions authentication_user_user_user_id_permission_id_ec51b09f_uniq; Type: CONSTRAINT; Schema: public; Owner: admin
--

ALTER TABLE ONLY public.authentication_user_user_permissions
    ADD CONSTRAINT authentication_user_user_user_id_permission_id_ec51b09f_uniq UNIQUE (user_id, permission_id);


--
-- TOC entry 3370 (class 2606 OID 16854)
-- Name: django_admin_log django_admin_log_pkey; Type: CONSTRAINT; Schema: public; Owner: admin
--

ALTER TABLE ONLY public.django_admin_log
    ADD CONSTRAINT django_admin_log_pkey PRIMARY KEY (id);


--
-- TOC entry 3332 (class 2606 OID 16750)
-- Name: django_content_type django_content_type_app_label_model_76bd3d3b_uniq; Type: CONSTRAINT; Schema: public; Owner: admin
--

ALTER TABLE ONLY public.django_content_type
    ADD CONSTRAINT django_content_type_app_label_model_76bd3d3b_uniq UNIQUE (app_label, model);


--
-- TOC entry 3334 (class 2606 OID 16748)
-- Name: django_content_type django_content_type_pkey; Type: CONSTRAINT; Schema: public; Owner: admin
--

ALTER TABLE ONLY public.django_content_type
    ADD CONSTRAINT django_content_type_pkey PRIMARY KEY (id);


--
-- TOC entry 3330 (class 2606 OID 16742)
-- Name: django_migrations django_migrations_pkey; Type: CONSTRAINT; Schema: public; Owner: admin
--

ALTER TABLE ONLY public.django_migrations
    ADD CONSTRAINT django_migrations_pkey PRIMARY KEY (id);


--
-- TOC entry 3379 (class 2606 OID 16895)
-- Name: django_session django_session_pkey; Type: CONSTRAINT; Schema: public; Owner: admin
--

ALTER TABLE ONLY public.django_session
    ADD CONSTRAINT django_session_pkey PRIMARY KEY (session_key);


--
-- TOC entry 3398 (class 1259 OID 17038)
-- Name: api_address_created_by_id_2ab20509; Type: INDEX; Schema: public; Owner: admin
--

CREATE INDEX api_address_created_by_id_2ab20509 ON public.api_address USING btree (created_by_id);


--
-- TOC entry 3407 (class 1259 OID 17087)
-- Name: api_cartitem_created_by_id_722c65d0; Type: INDEX; Schema: public; Owner: admin
--

CREATE INDEX api_cartitem_created_by_id_722c65d0 ON public.api_cartitem USING btree (created_by_id);


--
-- TOC entry 3410 (class 1259 OID 17088)
-- Name: api_cartitem_product_id_4699c5ae; Type: INDEX; Schema: public; Owner: admin
--

CREATE INDEX api_cartitem_product_id_4699c5ae ON public.api_cartitem USING btree (product_id);


--
-- TOC entry 3411 (class 1259 OID 17089)
-- Name: api_cartitem_variation_id_542062f8; Type: INDEX; Schema: public; Owner: admin
--

CREATE INDEX api_cartitem_variation_id_542062f8 ON public.api_cartitem USING btree (variation_id);


--
-- TOC entry 3412 (class 1259 OID 17111)
-- Name: api_favoriteitem_created_by_id_4e2d2705; Type: INDEX; Schema: public; Owner: admin
--

CREATE INDEX api_favoriteitem_created_by_id_4e2d2705 ON public.api_favoriteitem USING btree (created_by_id);


--
-- TOC entry 3415 (class 1259 OID 17112)
-- Name: api_favoriteitem_product_id_69a6bf45; Type: INDEX; Schema: public; Owner: admin
--

CREATE INDEX api_favoriteitem_product_id_69a6bf45 ON public.api_favoriteitem USING btree (product_id);


--
-- TOC entry 3381 (class 1259 OID 16931)
-- Name: api_order_created_by_id_408791c2; Type: INDEX; Schema: public; Owner: admin
--

CREATE INDEX api_order_created_by_id_408791c2 ON public.api_order USING btree (created_by_id);


--
-- TOC entry 3384 (class 1259 OID 17131)
-- Name: api_order_voucher_id_d86e2daa; Type: INDEX; Schema: public; Owner: admin
--

CREATE INDEX api_order_voucher_id_d86e2daa ON public.api_order USING btree (voucher_id);


--
-- TOC entry 3388 (class 1259 OID 16948)
-- Name: api_orderdetail_order_id_8651abdc; Type: INDEX; Schema: public; Owner: admin
--

CREATE INDEX api_orderdetail_order_id_8651abdc ON public.api_orderdetail USING btree (order_id);


--
-- TOC entry 3391 (class 1259 OID 16976)
-- Name: api_orderdetail_product_id_1bc6f0ff; Type: INDEX; Schema: public; Owner: admin
--

CREATE INDEX api_orderdetail_product_id_1bc6f0ff ON public.api_orderdetail USING btree (product_id);


--
-- TOC entry 3392 (class 1259 OID 16949)
-- Name: api_orderdetail_variation_id_def322b9; Type: INDEX; Schema: public; Owner: admin
--

CREATE INDEX api_orderdetail_variation_id_def322b9 ON public.api_orderdetail USING btree (variation_id);


--
-- TOC entry 3403 (class 1259 OID 17065)
-- Name: api_payment_created_by_id_6e421157; Type: INDEX; Schema: public; Owner: admin
--

CREATE INDEX api_payment_created_by_id_6e421157 ON public.api_payment USING btree (created_by_id);


--
-- TOC entry 3406 (class 1259 OID 17058)
-- Name: api_payment_provider_id_ffd2cdff; Type: INDEX; Schema: public; Owner: admin
--

CREATE INDEX api_payment_provider_id_ffd2cdff ON public.api_payment USING btree (provider_id);


--
-- TOC entry 3374 (class 1259 OID 16888)
-- Name: api_product_category_id_a2b9d1e7; Type: INDEX; Schema: public; Owner: admin
--

CREATE INDEX api_product_category_id_a2b9d1e7 ON public.api_product USING btree (category_id);


--
-- TOC entry 3393 (class 1259 OID 16998)
-- Name: api_review_created_by_id_48eceffb; Type: INDEX; Schema: public; Owner: admin
--

CREATE INDEX api_review_created_by_id_48eceffb ON public.api_review USING btree (created_by_id);


--
-- TOC entry 3396 (class 1259 OID 17011)
-- Name: api_review_product_id_78d61c8d; Type: INDEX; Schema: public; Owner: admin
--

CREATE INDEX api_review_product_id_78d61c8d ON public.api_review USING btree (product_id);


--
-- TOC entry 3397 (class 1259 OID 16999)
-- Name: api_review_variation_id_d75f4993; Type: INDEX; Schema: public; Owner: admin
--

CREATE INDEX api_review_variation_id_d75f4993 ON public.api_review USING btree (variation_id);


--
-- TOC entry 3423 (class 1259 OID 17164)
-- Name: api_usedvoucher_user_id_715c010d; Type: INDEX; Schema: public; Owner: admin
--

CREATE INDEX api_usedvoucher_user_id_715c010d ON public.api_usedvoucher USING btree (user_id);


--
-- TOC entry 3424 (class 1259 OID 17165)
-- Name: api_usedvoucher_voucher_id_5ab1808f; Type: INDEX; Schema: public; Owner: admin
--

CREATE INDEX api_usedvoucher_voucher_id_5ab1808f ON public.api_usedvoucher USING btree (voucher_id);


--
-- TOC entry 3387 (class 1259 OID 16937)
-- Name: api_variation_product_id_e7532f50; Type: INDEX; Schema: public; Owner: admin
--

CREATE INDEX api_variation_product_id_e7532f50 ON public.api_variation USING btree (product_id);


--
-- TOC entry 3416 (class 1259 OID 17135)
-- Name: api_voucher_code_cd873620_like; Type: INDEX; Schema: public; Owner: admin
--

CREATE INDEX api_voucher_code_cd873620_like ON public.api_voucher USING btree (code varchar_pattern_ops);


--
-- TOC entry 3340 (class 1259 OID 16796)
-- Name: auth_group_name_a6ea08ec_like; Type: INDEX; Schema: public; Owner: admin
--

CREATE INDEX auth_group_name_a6ea08ec_like ON public.auth_group USING btree (name varchar_pattern_ops);


--
-- TOC entry 3345 (class 1259 OID 16792)
-- Name: auth_group_permissions_group_id_b120cbf9; Type: INDEX; Schema: public; Owner: admin
--

CREATE INDEX auth_group_permissions_group_id_b120cbf9 ON public.auth_group_permissions USING btree (group_id);


--
-- TOC entry 3348 (class 1259 OID 16793)
-- Name: auth_group_permissions_permission_id_84c5c92e; Type: INDEX; Schema: public; Owner: admin
--

CREATE INDEX auth_group_permissions_permission_id_84c5c92e ON public.auth_group_permissions USING btree (permission_id);


--
-- TOC entry 3335 (class 1259 OID 16778)
-- Name: auth_permission_content_type_id_2f476e4b; Type: INDEX; Schema: public; Owner: admin
--

CREATE INDEX auth_permission_content_type_id_2f476e4b ON public.auth_permission USING btree (content_type_id);


--
-- TOC entry 3351 (class 1259 OID 16817)
-- Name: authentication_user_email_2220eff5_like; Type: INDEX; Schema: public; Owner: admin
--

CREATE INDEX authentication_user_email_2220eff5_like ON public.authentication_user USING btree (email varchar_pattern_ops);


--
-- TOC entry 3356 (class 1259 OID 16831)
-- Name: authentication_user_groups_group_id_6b5c44b7; Type: INDEX; Schema: public; Owner: admin
--

CREATE INDEX authentication_user_groups_group_id_6b5c44b7 ON public.authentication_user_groups USING btree (group_id);


--
-- TOC entry 3359 (class 1259 OID 16830)
-- Name: authentication_user_groups_user_id_30868577; Type: INDEX; Schema: public; Owner: admin
--

CREATE INDEX authentication_user_groups_user_id_30868577 ON public.authentication_user_groups USING btree (user_id);


--
-- TOC entry 3362 (class 1259 OID 16845)
-- Name: authentication_user_user_permissions_permission_id_ea6be19a; Type: INDEX; Schema: public; Owner: admin
--

CREATE INDEX authentication_user_user_permissions_permission_id_ea6be19a ON public.authentication_user_user_permissions USING btree (permission_id);


--
-- TOC entry 3365 (class 1259 OID 16844)
-- Name: authentication_user_user_permissions_user_id_736ebf7e; Type: INDEX; Schema: public; Owner: admin
--

CREATE INDEX authentication_user_user_permissions_user_id_736ebf7e ON public.authentication_user_user_permissions USING btree (user_id);


--
-- TOC entry 3368 (class 1259 OID 16865)
-- Name: django_admin_log_content_type_id_c4bce8eb; Type: INDEX; Schema: public; Owner: admin
--

CREATE INDEX django_admin_log_content_type_id_c4bce8eb ON public.django_admin_log USING btree (content_type_id);


--
-- TOC entry 3371 (class 1259 OID 16866)
-- Name: django_admin_log_user_id_c564eba6; Type: INDEX; Schema: public; Owner: admin
--

CREATE INDEX django_admin_log_user_id_c564eba6 ON public.django_admin_log USING btree (user_id);


--
-- TOC entry 3377 (class 1259 OID 16897)
-- Name: django_session_expire_date_a5c62663; Type: INDEX; Schema: public; Owner: admin
--

CREATE INDEX django_session_expire_date_a5c62663 ON public.django_session USING btree (expire_date);


--
-- TOC entry 3380 (class 1259 OID 16896)
-- Name: django_session_session_key_c0390e0f_like; Type: INDEX; Schema: public; Owner: admin
--

CREATE INDEX django_session_session_key_c0390e0f_like ON public.django_session USING btree (session_key varchar_pattern_ops);


--
-- TOC entry 3455 (class 2620 OID 17199)
-- Name: api_review update_reviews_stat_trigger; Type: TRIGGER; Schema: public; Owner: admin
--

CREATE TRIGGER update_reviews_stat_trigger AFTER INSERT OR DELETE ON public.api_review FOR EACH ROW EXECUTE FUNCTION public.update_reviews_stat();


--
-- TOC entry 3454 (class 2620 OID 17118)
-- Name: api_variation update_variations_count_trigger; Type: TRIGGER; Schema: public; Owner: admin
--

CREATE TRIGGER update_variations_count_trigger AFTER INSERT OR DELETE ON public.api_variation FOR EACH ROW EXECUTE FUNCTION public.update_variations_count();


--
-- TOC entry 3444 (class 2606 OID 17033)
-- Name: api_address api_address_created_by_id_2ab20509_fk_authentication_user_id; Type: FK CONSTRAINT; Schema: public; Owner: admin
--

ALTER TABLE ONLY public.api_address
    ADD CONSTRAINT api_address_created_by_id_2ab20509_fk_authentication_user_id FOREIGN KEY (created_by_id) REFERENCES public.authentication_user(id) DEFERRABLE INITIALLY DEFERRED;


--
-- TOC entry 3447 (class 2606 OID 17072)
-- Name: api_cartitem api_cartitem_created_by_id_722c65d0_fk_authentication_user_id; Type: FK CONSTRAINT; Schema: public; Owner: admin
--

ALTER TABLE ONLY public.api_cartitem
    ADD CONSTRAINT api_cartitem_created_by_id_722c65d0_fk_authentication_user_id FOREIGN KEY (created_by_id) REFERENCES public.authentication_user(id) DEFERRABLE INITIALLY DEFERRED;


--
-- TOC entry 3448 (class 2606 OID 17077)
-- Name: api_cartitem api_cartitem_product_id_4699c5ae_fk_api_product_id; Type: FK CONSTRAINT; Schema: public; Owner: admin
--

ALTER TABLE ONLY public.api_cartitem
    ADD CONSTRAINT api_cartitem_product_id_4699c5ae_fk_api_product_id FOREIGN KEY (product_id) REFERENCES public.api_product(id) DEFERRABLE INITIALLY DEFERRED;


--
-- TOC entry 3449 (class 2606 OID 17082)
-- Name: api_cartitem api_cartitem_variation_id_542062f8_fk_api_variation_id; Type: FK CONSTRAINT; Schema: public; Owner: admin
--

ALTER TABLE ONLY public.api_cartitem
    ADD CONSTRAINT api_cartitem_variation_id_542062f8_fk_api_variation_id FOREIGN KEY (variation_id) REFERENCES public.api_variation(id) DEFERRABLE INITIALLY DEFERRED;


--
-- TOC entry 3450 (class 2606 OID 17096)
-- Name: api_favoriteitem api_favoriteitem_created_by_id_4e2d2705_fk_authentic; Type: FK CONSTRAINT; Schema: public; Owner: admin
--

ALTER TABLE ONLY public.api_favoriteitem
    ADD CONSTRAINT api_favoriteitem_created_by_id_4e2d2705_fk_authentic FOREIGN KEY (created_by_id) REFERENCES public.authentication_user(id) DEFERRABLE INITIALLY DEFERRED;


--
-- TOC entry 3451 (class 2606 OID 17101)
-- Name: api_favoriteitem api_favoriteitem_product_id_69a6bf45_fk_api_product_id; Type: FK CONSTRAINT; Schema: public; Owner: admin
--

ALTER TABLE ONLY public.api_favoriteitem
    ADD CONSTRAINT api_favoriteitem_product_id_69a6bf45_fk_api_product_id FOREIGN KEY (product_id) REFERENCES public.api_product(id) DEFERRABLE INITIALLY DEFERRED;


--
-- TOC entry 3435 (class 2606 OID 16926)
-- Name: api_order api_order_created_by_id_408791c2_fk_authentication_user_id; Type: FK CONSTRAINT; Schema: public; Owner: admin
--

ALTER TABLE ONLY public.api_order
    ADD CONSTRAINT api_order_created_by_id_408791c2_fk_authentication_user_id FOREIGN KEY (created_by_id) REFERENCES public.authentication_user(id) DEFERRABLE INITIALLY DEFERRED;


--
-- TOC entry 3436 (class 2606 OID 17126)
-- Name: api_order api_order_voucher_id_d86e2daa_fk_api_voucher_id; Type: FK CONSTRAINT; Schema: public; Owner: admin
--

ALTER TABLE ONLY public.api_order
    ADD CONSTRAINT api_order_voucher_id_d86e2daa_fk_api_voucher_id FOREIGN KEY (voucher_id) REFERENCES public.api_voucher(id) DEFERRABLE INITIALLY DEFERRED;


--
-- TOC entry 3438 (class 2606 OID 17016)
-- Name: api_orderdetail api_orderdetail_order_id_8651abdc_fk_api_order_id; Type: FK CONSTRAINT; Schema: public; Owner: admin
--

ALTER TABLE ONLY public.api_orderdetail
    ADD CONSTRAINT api_orderdetail_order_id_8651abdc_fk_api_order_id FOREIGN KEY (order_id) REFERENCES public.api_order(id) DEFERRABLE INITIALLY DEFERRED;


--
-- TOC entry 3439 (class 2606 OID 16971)
-- Name: api_orderdetail api_orderdetail_product_id_1bc6f0ff_fk_api_product_id; Type: FK CONSTRAINT; Schema: public; Owner: admin
--

ALTER TABLE ONLY public.api_orderdetail
    ADD CONSTRAINT api_orderdetail_product_id_1bc6f0ff_fk_api_product_id FOREIGN KEY (product_id) REFERENCES public.api_product(id) DEFERRABLE INITIALLY DEFERRED;


--
-- TOC entry 3440 (class 2606 OID 16943)
-- Name: api_orderdetail api_orderdetail_variation_id_def322b9_fk_api_variation_id; Type: FK CONSTRAINT; Schema: public; Owner: admin
--

ALTER TABLE ONLY public.api_orderdetail
    ADD CONSTRAINT api_orderdetail_variation_id_def322b9_fk_api_variation_id FOREIGN KEY (variation_id) REFERENCES public.api_variation(id) DEFERRABLE INITIALLY DEFERRED;


--
-- TOC entry 3445 (class 2606 OID 17060)
-- Name: api_payment api_payment_created_by_id_6e421157_fk_authentication_user_id; Type: FK CONSTRAINT; Schema: public; Owner: admin
--

ALTER TABLE ONLY public.api_payment
    ADD CONSTRAINT api_payment_created_by_id_6e421157_fk_authentication_user_id FOREIGN KEY (created_by_id) REFERENCES public.authentication_user(id) DEFERRABLE INITIALLY DEFERRED;


--
-- TOC entry 3446 (class 2606 OID 17053)
-- Name: api_payment api_payment_provider_id_ffd2cdff_fk_api_paymentprovider_id; Type: FK CONSTRAINT; Schema: public; Owner: admin
--

ALTER TABLE ONLY public.api_payment
    ADD CONSTRAINT api_payment_provider_id_ffd2cdff_fk_api_paymentprovider_id FOREIGN KEY (provider_id) REFERENCES public.api_paymentprovider(id) DEFERRABLE INITIALLY DEFERRED;


--
-- TOC entry 3434 (class 2606 OID 16883)
-- Name: api_product api_product_category_id_a2b9d1e7_fk_api_category_id; Type: FK CONSTRAINT; Schema: public; Owner: admin
--

ALTER TABLE ONLY public.api_product
    ADD CONSTRAINT api_product_category_id_a2b9d1e7_fk_api_category_id FOREIGN KEY (category_id) REFERENCES public.api_category(id) DEFERRABLE INITIALLY DEFERRED;


--
-- TOC entry 3441 (class 2606 OID 16988)
-- Name: api_review api_review_created_by_id_48eceffb_fk_authentication_user_id; Type: FK CONSTRAINT; Schema: public; Owner: admin
--

ALTER TABLE ONLY public.api_review
    ADD CONSTRAINT api_review_created_by_id_48eceffb_fk_authentication_user_id FOREIGN KEY (created_by_id) REFERENCES public.authentication_user(id) DEFERRABLE INITIALLY DEFERRED;


--
-- TOC entry 3442 (class 2606 OID 17006)
-- Name: api_review api_review_product_id_78d61c8d_fk_api_product_id; Type: FK CONSTRAINT; Schema: public; Owner: admin
--

ALTER TABLE ONLY public.api_review
    ADD CONSTRAINT api_review_product_id_78d61c8d_fk_api_product_id FOREIGN KEY (product_id) REFERENCES public.api_product(id) DEFERRABLE INITIALLY DEFERRED;


--
-- TOC entry 3443 (class 2606 OID 16993)
-- Name: api_review api_review_variation_id_d75f4993_fk_api_variation_id; Type: FK CONSTRAINT; Schema: public; Owner: admin
--

ALTER TABLE ONLY public.api_review
    ADD CONSTRAINT api_review_variation_id_d75f4993_fk_api_variation_id FOREIGN KEY (variation_id) REFERENCES public.api_variation(id) DEFERRABLE INITIALLY DEFERRED;


--
-- TOC entry 3452 (class 2606 OID 17154)
-- Name: api_usedvoucher api_usedvoucher_user_id_715c010d_fk_authentication_user_id; Type: FK CONSTRAINT; Schema: public; Owner: admin
--

ALTER TABLE ONLY public.api_usedvoucher
    ADD CONSTRAINT api_usedvoucher_user_id_715c010d_fk_authentication_user_id FOREIGN KEY (user_id) REFERENCES public.authentication_user(id) DEFERRABLE INITIALLY DEFERRED;


--
-- TOC entry 3453 (class 2606 OID 17159)
-- Name: api_usedvoucher api_usedvoucher_voucher_id_5ab1808f_fk_api_voucher_id; Type: FK CONSTRAINT; Schema: public; Owner: admin
--

ALTER TABLE ONLY public.api_usedvoucher
    ADD CONSTRAINT api_usedvoucher_voucher_id_5ab1808f_fk_api_voucher_id FOREIGN KEY (voucher_id) REFERENCES public.api_voucher(id) DEFERRABLE INITIALLY DEFERRED;


--
-- TOC entry 3437 (class 2606 OID 16932)
-- Name: api_variation api_variation_product_id_e7532f50_fk_api_product_id; Type: FK CONSTRAINT; Schema: public; Owner: admin
--

ALTER TABLE ONLY public.api_variation
    ADD CONSTRAINT api_variation_product_id_e7532f50_fk_api_product_id FOREIGN KEY (product_id) REFERENCES public.api_product(id) DEFERRABLE INITIALLY DEFERRED;


--
-- TOC entry 3426 (class 2606 OID 16787)
-- Name: auth_group_permissions auth_group_permissio_permission_id_84c5c92e_fk_auth_perm; Type: FK CONSTRAINT; Schema: public; Owner: admin
--

ALTER TABLE ONLY public.auth_group_permissions
    ADD CONSTRAINT auth_group_permissio_permission_id_84c5c92e_fk_auth_perm FOREIGN KEY (permission_id) REFERENCES public.auth_permission(id) DEFERRABLE INITIALLY DEFERRED;


--
-- TOC entry 3427 (class 2606 OID 16782)
-- Name: auth_group_permissions auth_group_permissions_group_id_b120cbf9_fk_auth_group_id; Type: FK CONSTRAINT; Schema: public; Owner: admin
--

ALTER TABLE ONLY public.auth_group_permissions
    ADD CONSTRAINT auth_group_permissions_group_id_b120cbf9_fk_auth_group_id FOREIGN KEY (group_id) REFERENCES public.auth_group(id) DEFERRABLE INITIALLY DEFERRED;


--
-- TOC entry 3425 (class 2606 OID 16773)
-- Name: auth_permission auth_permission_content_type_id_2f476e4b_fk_django_co; Type: FK CONSTRAINT; Schema: public; Owner: admin
--

ALTER TABLE ONLY public.auth_permission
    ADD CONSTRAINT auth_permission_content_type_id_2f476e4b_fk_django_co FOREIGN KEY (content_type_id) REFERENCES public.django_content_type(id) DEFERRABLE INITIALLY DEFERRED;


--
-- TOC entry 3430 (class 2606 OID 16839)
-- Name: authentication_user_user_permissions authentication_user__permission_id_ea6be19a_fk_auth_perm; Type: FK CONSTRAINT; Schema: public; Owner: admin
--

ALTER TABLE ONLY public.authentication_user_user_permissions
    ADD CONSTRAINT authentication_user__permission_id_ea6be19a_fk_auth_perm FOREIGN KEY (permission_id) REFERENCES public.auth_permission(id) DEFERRABLE INITIALLY DEFERRED;


--
-- TOC entry 3428 (class 2606 OID 16820)
-- Name: authentication_user_groups authentication_user__user_id_30868577_fk_authentic; Type: FK CONSTRAINT; Schema: public; Owner: admin
--

ALTER TABLE ONLY public.authentication_user_groups
    ADD CONSTRAINT authentication_user__user_id_30868577_fk_authentic FOREIGN KEY (user_id) REFERENCES public.authentication_user(id) DEFERRABLE INITIALLY DEFERRED;


--
-- TOC entry 3431 (class 2606 OID 16834)
-- Name: authentication_user_user_permissions authentication_user__user_id_736ebf7e_fk_authentic; Type: FK CONSTRAINT; Schema: public; Owner: admin
--

ALTER TABLE ONLY public.authentication_user_user_permissions
    ADD CONSTRAINT authentication_user__user_id_736ebf7e_fk_authentic FOREIGN KEY (user_id) REFERENCES public.authentication_user(id) DEFERRABLE INITIALLY DEFERRED;


--
-- TOC entry 3429 (class 2606 OID 16825)
-- Name: authentication_user_groups authentication_user_groups_group_id_6b5c44b7_fk_auth_group_id; Type: FK CONSTRAINT; Schema: public; Owner: admin
--

ALTER TABLE ONLY public.authentication_user_groups
    ADD CONSTRAINT authentication_user_groups_group_id_6b5c44b7_fk_auth_group_id FOREIGN KEY (group_id) REFERENCES public.auth_group(id) DEFERRABLE INITIALLY DEFERRED;


--
-- TOC entry 3432 (class 2606 OID 16855)
-- Name: django_admin_log django_admin_log_content_type_id_c4bce8eb_fk_django_co; Type: FK CONSTRAINT; Schema: public; Owner: admin
--

ALTER TABLE ONLY public.django_admin_log
    ADD CONSTRAINT django_admin_log_content_type_id_c4bce8eb_fk_django_co FOREIGN KEY (content_type_id) REFERENCES public.django_content_type(id) DEFERRABLE INITIALLY DEFERRED;


--
-- TOC entry 3433 (class 2606 OID 16860)
-- Name: django_admin_log django_admin_log_user_id_c564eba6_fk_authentication_user_id; Type: FK CONSTRAINT; Schema: public; Owner: admin
--

ALTER TABLE ONLY public.django_admin_log
    ADD CONSTRAINT django_admin_log_user_id_c564eba6_fk_authentication_user_id FOREIGN KEY (user_id) REFERENCES public.authentication_user(id) DEFERRABLE INITIALLY DEFERRED;


--
-- TOC entry 3648 (class 0 OID 0)
-- Dependencies: 5
-- Name: SCHEMA public; Type: ACL; Schema: -; Owner: pg_database_owner
--

GRANT ALL ON SCHEMA public TO admin;


-- Completed on 2023-06-15 06:15:58 +07

--
-- PostgreSQL database dump complete
--

